year,table_no,system_name,source_system_description,source_pdf_page,datetime_utc,date,time_utc,latitude,longitude,ci_no,central_pressure_hpa,max_sustained_wind_kt,pressure_drop_hpa,grade
2020,1,AMPHAN,"Best track positions and other parameters of the Super Cyclonic Storm, ‘AMPHAN’ over the Bay of Bengal during16 May-21 May, 2020",2,2020-05-16 00:00:00,2020-05-16,0000,10.4,87.0,1.5,1000.0,25.0,3.0,D
2020,1,AMPHAN,"Best track positions and other parameters of the Super Cyclonic Storm, ‘AMPHAN’ over the Bay of Bengal during16 May-21 May, 2020",2,2020-05-16 03:00:00,2020-05-16,0300,10.7,86.5,1.5,1000.0,25.0,3.0,D
2020,1,AMPHAN,"Best track positions and other parameters of the Super Cyclonic Storm, ‘AMPHAN’ over the Bay of Bengal during16 May-21 May, 2020",2,2020-05-16 06:00:00,2020-05-16,0600,10.9,86.3,1.5,1000.0,25.0,3.0,D
2020,1,AMPHAN,"Best track positions and other parameters of the Super Cyclonic Storm, ‘AMPHAN’ over the Bay of Bengal during16 May-21 May, 2020",2,2020-05-16 09:00:00,2020-05-16,0900,10.9,86.3,2.0,998.0,30.0,5.0,DD
2020,1,AMPHAN,"Best track positions and other parameters of the Super Cyclonic Storm, ‘AMPHAN’ over the Bay of Bengal during16 May-21 May, 2020",2,2020-05-16 12:00:00,2020-05-16,1200,10.9,86.3,2.5,996.0,35.0,7.0,CS
2020,1,AMPHAN,"Best track positions and other parameters of the Super Cyclonic Storm, ‘AMPHAN’ over the Bay of Bengal during16 May-21 May, 2020",2,2020-05-16 15:00:00,2020-05-16,1500,11.0,86.2,2.5,995.0,40.0,8.0,CS
2020,1,AMPHAN,"Best track positions and other parameters of the Super Cyclonic Storm, ‘AMPHAN’ over the Bay of Bengal during16 May-21 May, 2020",2,2020-05-16 18:00:00,2020-05-16,1800,11.1,86.1,2.5,995.0,40.0,8.0,CS
2020,1,AMPHAN,"Best track positions and other parameters of the Super Cyclonic Storm, ‘AMPHAN’ over the Bay of Bengal during16 May-21 May, 2020",2,2020-05-16 21:00:00,2020-05-16,2100,11.3,86.1,3.0,994.0,45.0,10.0,CS
2020,1,AMPHAN,"Best track positions and other parameters of the Super Cyclonic Storm, ‘AMPHAN’ over the Bay of Bengal during16 May-21 May, 2020",2,2020-05-17 00:00:00,2020-05-17,0000,11.4,86.0,3.0,993.0,45.0,11.0,CS
2020,1,AMPHAN,"Best track positions and other parameters of the Super Cyclonic Storm, ‘AMPHAN’ over the Bay of Bengal during16 May-21 May, 2020",2,2020-05-17 03:00:00,2020-05-17,0300,11.4,86.0,3.0,990.0,50.0,12.0,SCS
2020,1,AMPHAN,"Best track positions and other parameters of the Super Cyclonic Storm, ‘AMPHAN’ over the Bay of Bengal during16 May-21 May, 2020",2,2020-05-17 06:00:00,2020-05-17,0600,11.5,86.0,3.5,988.0,55.0,15.0,SCS
2020,1,AMPHAN,"Best track positions and other parameters of the Super Cyclonic Storm, ‘AMPHAN’ over the Bay of Bengal during16 May-21 May, 2020",2,2020-05-17 09:00:00,2020-05-17,0900,11.7,86.0,4.0,980.0,65.0,22.0,VSCS
2020,1,AMPHAN,"Best track positions and other parameters of the Super Cyclonic Storm, ‘AMPHAN’ over the Bay of Bengal during16 May-21 May, 2020",2,2020-05-17 12:00:00,2020-05-17,1200,12.0,86.0,4.0,978.0,70.0,25.0,VSCS
2020,1,AMPHAN,"Best track positions and other parameters of the Super Cyclonic Storm, ‘AMPHAN’ over the Bay of Bengal during16 May-21 May, 2020",2,2020-05-17 15:00:00,2020-05-17,1500,12.8,86.2,4.5,972.0,75.0,28.0,VSCS
2020,1,AMPHAN,"Best track positions and other parameters of the Super Cyclonic Storm, ‘AMPHAN’ over the Bay of Bengal during16 May-21 May, 2020",2,2020-05-17 18:00:00,2020-05-17,1800,12.5,86.1,4.5,970.0,80.0,32.0,VSCS
2020,1,AMPHAN,"Best track positions and other parameters of the Super Cyclonic Storm, ‘AMPHAN’ over the Bay of Bengal during16 May-21 May, 2020",2,2020-05-17 21:00:00,2020-05-17,2100,12.9,86.4,5.0,962.0,90.0,40.0,ESCS
2020,1,AMPHAN,"Best track positions and other parameters of the Super Cyclonic Storm, ‘AMPHAN’ over the Bay of Bengal during16 May-21 May, 2020",2,2020-05-18 00:00:00,2020-05-18,0000,13.2,86.3,5.5,952.0,100.0,50.0,ESCS
2020,1,AMPHAN,"Best track positions and other parameters of the Super Cyclonic Storm, ‘AMPHAN’ over the Bay of Bengal during16 May-21 May, 2020",2,2020-05-18 03:00:00,2020-05-18,0300,13.3,86.2,6.0,936.0,115.0,66.0,ESCS
2020,1,AMPHAN,"Best track positions and other parameters of the Super Cyclonic Storm, ‘AMPHAN’ over the Bay of Bengal during16 May-21 May, 2020",2,2020-05-18 06:00:00,2020-05-18,0600,13.4,86.2,6.5,930.0,120.0,72.0,SUCS
2020,1,AMPHAN,"Best track positions and other parameters of the Super Cyclonic Storm, ‘AMPHAN’ over the Bay of Bengal during16 May-21 May, 2020",2,2020-05-18 09:00:00,2020-05-18,0900,13.7,86.2,6.5,930.0,120.0,72.0,SUCS
2020,1,AMPHAN,"Best track positions and other parameters of the Super Cyclonic Storm, ‘AMPHAN’ over the Bay of Bengal during16 May-21 May, 2020",2,2020-05-18 12:00:00,2020-05-18,1200,14.0,86.3,6.5,926.0,125.0,76.0,SUCS
2020,1,AMPHAN,"Best track positions and other parameters of the Super Cyclonic Storm, ‘AMPHAN’ over the Bay of Bengal during16 May-21 May, 2020",2,2020-05-18 15:00:00,2020-05-18,1500,14.5,86.4,6.5,926.0,125.0,76.0,SUCS
2020,1,AMPHAN,"Best track positions and other parameters of the Super Cyclonic Storm, ‘AMPHAN’ over the Bay of Bengal during16 May-21 May, 2020",2,2020-05-18 18:00:00,2020-05-18,1800,14.9,86.5,6.5,920.0,130.0,84.0,SUCS
2020,1,AMPHAN,"Best track positions and other parameters of the Super Cyclonic Storm, ‘AMPHAN’ over the Bay of Bengal during16 May-21 May, 2020",2,2020-05-18 21:00:00,2020-05-18,2100,15.2,86.6,6.5,920.0,130.0,84.0,SUCS
2020,1,AMPHAN,"Best track positions and other parameters of the Super Cyclonic Storm, ‘AMPHAN’ over the Bay of Bengal during16 May-21 May, 2020",2,2020-05-19 00:00:00,2020-05-19,0000,15.6,86.7,6.5,926.0,125.0,76.0,SUCS
2020,1,AMPHAN,"Best track positions and other parameters of the Super Cyclonic Storm, ‘AMPHAN’ over the Bay of Bengal during16 May-21 May, 2020",2,2020-05-19 03:00:00,2020-05-19,0300,16.0,86.8,6.5,930.0,120.0,72.0,SUCS
2020,1,AMPHAN,"Best track positions and other parameters of the Super Cyclonic Storm, ‘AMPHAN’ over the Bay of Bengal during16 May-21 May, 2020",2,2020-05-19 06:00:00,2020-05-19,0600,16.5,86.9,6.0,936.0,115.0,66.0,ESCS
2020,1,AMPHAN,"Best track positions and other parameters of the Super Cyclonic Storm, ‘AMPHAN’ over the Bay of Bengal during16 May-21 May, 2020",2,2020-05-19 09:00:00,2020-05-19,0900,17.0,86.9,6.0,942.0,110.0,60.0,ESCS
2020,1,AMPHAN,"Best track positions and other parameters of the Super Cyclonic Storm, ‘AMPHAN’ over the Bay of Bengal during16 May-21 May, 2020",2,2020-05-19 12:00:00,2020-05-19,1200,17.4,87.0,5.5,946.0,105.0,56.0,ESCS
2020,1,AMPHAN,"Best track positions and other parameters of the Super Cyclonic Storm, ‘AMPHAN’ over the Bay of Bengal during16 May-21 May, 2020",2,2020-05-19 15:00:00,2020-05-19,1500,18.1,87.1,5.5,948.0,100.0,50.0,ESCS
2020,1,AMPHAN,"Best track positions and other parameters of the Super Cyclonic Storm, ‘AMPHAN’ over the Bay of Bengal during16 May-21 May, 2020",2,2020-05-19 18:00:00,2020-05-19,1800,18.4,87.2,5.5,948.0,100.0,50.0,ESCS
2020,1,AMPHAN,"Best track positions and other parameters of the Super Cyclonic Storm, ‘AMPHAN’ over the Bay of Bengal during16 May-21 May, 2020",2,2020-05-19 21:00:00,2020-05-19,2100,18.7,87.2,5.5,948.0,100.0,50.0,ESCS
2020,1,AMPHAN,"Best track positions and other parameters of the Super Cyclonic Storm, ‘AMPHAN’ over the Bay of Bengal during16 May-21 May, 2020",2,2020-05-20 00:00:00,2020-05-20,0000,19.1,87.5,5.0,952.0,95.0,46.0,ESCS
2020,1,AMPHAN,"Best track positions and other parameters of the Super Cyclonic Storm, ‘AMPHAN’ over the Bay of Bengal during16 May-21 May, 2020",3,2020-05-20 00:00:00,2020-05-20,0000,21.9,88.4,,957.0,85.0,36.0,VSCS
2020,1,AMPHAN,"Best track positions and other parameters of the Super Cyclonic Storm, ‘AMPHAN’ over the Bay of Bengal during16 May-21 May, 2020",3,2020-05-20 00:00:00,2020-05-20,0000,22.7,88.6,,968.0,65.0,34.0,VSCS
2020,1,AMPHAN,"Best track positions and other parameters of the Super Cyclonic Storm, ‘AMPHAN’ over the Bay of Bengal during16 May-21 May, 2020",3,2020-05-20 00:00:00,2020-05-20,0000,23.3,89.0,,978.0,50.0,14.0,SCS
2020,1,AMPHAN,"Best track positions and other parameters of the Super Cyclonic Storm, ‘AMPHAN’ over the Bay of Bengal during16 May-21 May, 2020",3,2020-05-20 00:00:00,2020-05-20,0000,24.2,89.0,,986.0,45.0,12.0,CS
2020,1,AMPHAN,"Best track positions and other parameters of the Super Cyclonic Storm, ‘AMPHAN’ over the Bay of Bengal during16 May-21 May, 2020",2,2020-05-20 03:00:00,2020-05-20,0300,19.8,87.7,5.0,954.0,95.0,44.0,ESCS
2020,1,AMPHAN,"Best track positions and other parameters of the Super Cyclonic Storm, ‘AMPHAN’ over the Bay of Bengal during16 May-21 May, 2020",2,2020-05-20 06:00:00,2020-05-20,0600,20.6,88.0,5.0,956.0,90.0,42.0,ESCS
2020,1,AMPHAN,"Best track positions and other parameters of the Super Cyclonic Storm, ‘AMPHAN’ over the Bay of Bengal during16 May-21 May, 2020",2,2020-05-20 09:00:00,2020-05-20,0900,21.4,88.1,5.0,960.0,90.0,42.0,ESCS
2020,1,AMPHAN,"Best track positions and other parameters of the Super Cyclonic Storm, ‘AMPHAN’ over the Bay of Bengal during16 May-21 May, 2020",3,2020-05-21 00:00:00,2020-05-21,0000,24.2,89.3,,988.0,40.0,10.0,CS
2020,1,AMPHAN,"Best track positions and other parameters of the Super Cyclonic Storm, ‘AMPHAN’ over the Bay of Bengal during16 May-21 May, 2020",3,2020-05-21 00:00:00,2020-05-21,0000,24.7,89.5,,990.0,35.0,8.0,CS
2020,1,AMPHAN,"Best track positions and other parameters of the Super Cyclonic Storm, ‘AMPHAN’ over the Bay of Bengal during16 May-21 May, 2020",3,2020-05-21 00:00:00,2020-05-21,0000,25.0,89.6,,992.0,30.0,6.0,DD
2020,1,AMPHAN,"Best track positions and other parameters of the Super Cyclonic Storm, ‘AMPHAN’ over the Bay of Bengal during16 May-21 May, 2020",3,2020-05-21 00:00:00,2020-05-21,0000,25.4,89.6,,995.0,20.0,4.0,D
2020,1,AMPHAN,"Best track positions and other parameters of the Super Cyclonic Storm, ‘AMPHAN’ over the Bay of Bengal during16 May-21 May, 2020",3,2020-05-29 00:00:00,2020-05-29,0000,17.3,54.3,,1000.0,25.0,3.0,D
2020,1,AMPHAN,"Best track positions and other parameters of the Super Cyclonic Storm, ‘AMPHAN’ over the Bay of Bengal during16 May-21 May, 2020",3,2020-05-30 00:00:00,2020-05-30,0000,17.3,54.2,,1000.0,25.0,3.0,D
2020,1,AMPHAN,"Best track positions and other parameters of the Super Cyclonic Storm, ‘AMPHAN’ over the Bay of Bengal during16 May-21 May, 2020",3,2020-05-30 00:00:00,2020-05-30,0000,17.2,54.0,,1000.0,25.0,3.0,D
2020,1,AMPHAN,"Best track positions and other parameters of the Super Cyclonic Storm, ‘AMPHAN’ over the Bay of Bengal during16 May-21 May, 2020",3,2020-05-31 00:00:00,2020-05-31,0000,17.1,53.8,,1000.0,25.0,3.0,D
2020,1,AMPHAN,"Best track positions and other parameters of the Super Cyclonic Storm, ‘AMPHAN’ over the Bay of Bengal during16 May-21 May, 2020",3,2020-05-31 00:00:00,2020-05-31,0000,17.0,53.5,,1000.0,25.0,3.0,D
2020,1,AMPHAN,"Best track positions and other parameters of the Super Cyclonic Storm, ‘AMPHAN’ over the Bay of Bengal during16 May-21 May, 2020",3,2020-05-31 00:00:00,2020-05-31,0000,16.9,53.1,,1000.0,25.0,3.0,D
2020,1,AMPHAN,"Best track positions and other parameters of the Super Cyclonic Storm, ‘AMPHAN’ over the Bay of Bengal during16 May-21 May, 2020",3,2020-05-31 00:00:00,2020-05-31,0000,16.8,52.9,,1000.0,25.0,3.0,D
2020,3,NISARGA,"Best track positions and other parameters of the Severe Cyclonic Storm “NISARGA” over the eastcentral and adjoining southeast Arabian Sea (01st-04th June, 2020)",4,2020-06-01 00:00:00,2020-06-01,0000,13.0,71.4,1.5,1004.0,25.0,3.0,D
2020,3,NISARGA,"Best track positions and other parameters of the Severe Cyclonic Storm “NISARGA” over the eastcentral and adjoining southeast Arabian Sea (01st-04th June, 2020)",4,2020-06-01 03:00:00,2020-06-01,0300,13.2,71.4,1.5,1004.0,25.0,3.0,D
2020,3,NISARGA,"Best track positions and other parameters of the Severe Cyclonic Storm “NISARGA” over the eastcentral and adjoining southeast Arabian Sea (01st-04th June, 2020)",4,2020-06-01 06:00:00,2020-06-01,0600,13.7,71.3,1.5,1004.0,25.0,3.0,D
2020,3,NISARGA,"Best track positions and other parameters of the Severe Cyclonic Storm “NISARGA” over the eastcentral and adjoining southeast Arabian Sea (01st-04th June, 2020)",4,2020-06-01 12:00:00,2020-06-01,1200,14.2,71.2,1.5,1003.0,25.0,4.0,D
2020,3,NISARGA,"Best track positions and other parameters of the Severe Cyclonic Storm “NISARGA” over the eastcentral and adjoining southeast Arabian Sea (01st-04th June, 2020)",4,2020-06-01 18:00:00,2020-06-01,1800,14.4,71.2,1.5,1003.0,25.0,4.0,D
2020,3,NISARGA,"Best track positions and other parameters of the Severe Cyclonic Storm “NISARGA” over the eastcentral and adjoining southeast Arabian Sea (01st-04th June, 2020)",4,2020-06-02 00:00:00,2020-06-02,0000,15.0,71.2,2.0,1000.0,30.0,6.0,DD
2020,3,NISARGA,"Best track positions and other parameters of the Severe Cyclonic Storm “NISARGA” over the eastcentral and adjoining southeast Arabian Sea (01st-04th June, 2020)",4,2020-06-02 03:00:00,2020-06-02,0300,15.3,71.2,2.0,1000.0,30.0,6.0,DD
2020,3,NISARGA,"Best track positions and other parameters of the Severe Cyclonic Storm “NISARGA” over the eastcentral and adjoining southeast Arabian Sea (01st-04th June, 2020)",4,2020-06-02 06:00:00,2020-06-02,0600,15.6,71.2,2.5,999.0,35.0,7.0,CS
2020,3,NISARGA,"Best track positions and other parameters of the Severe Cyclonic Storm “NISARGA” over the eastcentral and adjoining southeast Arabian Sea (01st-04th June, 2020)",4,2020-06-02 09:00:00,2020-06-02,0900,16.0,71.2,2.5,999.0,35.0,7.0,CS
2020,3,NISARGA,"Best track positions and other parameters of the Severe Cyclonic Storm “NISARGA” over the eastcentral and adjoining southeast Arabian Sea (01st-04th June, 2020)",4,2020-06-02 12:00:00,2020-06-02,1200,16.3,71.3,2.5,996.0,40.0,8.0,CS
2020,3,NISARGA,"Best track positions and other parameters of the Severe Cyclonic Storm “NISARGA” over the eastcentral and adjoining southeast Arabian Sea (01st-04th June, 2020)",4,2020-06-02 15:00:00,2020-06-02,1500,16.0,71.4,2.5,996.0,40.0,8.0,CS
2020,3,NISARGA,"Best track positions and other parameters of the Severe Cyclonic Storm “NISARGA” over the eastcentral and adjoining southeast Arabian Sea (01st-04th June, 2020)",4,2020-06-02 18:00:00,2020-06-02,1800,16.8,71.6,2.5,996.0,40.0,8.0,CS
2020,3,NISARGA,"Best track positions and other parameters of the Severe Cyclonic Storm “NISARGA” over the eastcentral and adjoining southeast Arabian Sea (01st-04th June, 2020)",4,2020-06-02 21:00:00,2020-06-02,2100,17.1,71.8,3.0,994.0,45.0,10.0,CS
2020,3,NISARGA,"Best track positions and other parameters of the Severe Cyclonic Storm “NISARGA” over the eastcentral and adjoining southeast Arabian Sea (01st-04th June, 2020)",4,2020-06-03 00:00:00,2020-06-03,0000,17.3,72.1,3.0,992.0,50.0,12.0,SCS
2020,3,NISARGA,"Best track positions and other parameters of the Severe Cyclonic Storm “NISARGA” over the eastcentral and adjoining southeast Arabian Sea (01st-04th June, 2020)",4,2020-06-03 00:00:00,2020-06-03,0000,18.5,73.2,,992.0,55.0,14.0,SCS
2020,3,NISARGA,"Best track positions and other parameters of the Severe Cyclonic Storm “NISARGA” over the eastcentral and adjoining southeast Arabian Sea (01st-04th June, 2020)",4,2020-06-03 00:00:00,2020-06-03,0000,19.0,73.7,,998.0,40.0,8.0,CS
2020,3,NISARGA,"Best track positions and other parameters of the Severe Cyclonic Storm “NISARGA” over the eastcentral and adjoining southeast Arabian Sea (01st-04th June, 2020)",4,2020-06-03 00:00:00,2020-06-03,0000,19.6,74.0,,1000.0,30.0,6.0,DD
2020,3,NISARGA,"Best track positions and other parameters of the Severe Cyclonic Storm “NISARGA” over the eastcentral and adjoining southeast Arabian Sea (01st-04th June, 2020)",4,2020-06-03 00:00:00,2020-06-03,0000,19.8,74.8,,1001.0,30.0,5.0,DD
2020,3,NISARGA,"Best track positions and other parameters of the Severe Cyclonic Storm “NISARGA” over the eastcentral and adjoining southeast Arabian Sea (01st-04th June, 2020)",4,2020-06-03 03:00:00,2020-06-03,0300,17.6,72.3,3.5,988.0,55.0,16.0,SCS
2020,3,NISARGA,"Best track positions and other parameters of the Severe Cyclonic Storm “NISARGA” over the eastcentral and adjoining southeast Arabian Sea (01st-04th June, 2020)",4,2020-06-03 06:00:00,2020-06-03,0600,18.1,72.8,4.0,984.0,60.0,20.0,SCS
2020,3,NISARGA,"Best track positions and other parameters of the Severe Cyclonic Storm “NISARGA” over the eastcentral and adjoining southeast Arabian Sea (01st-04th June, 2020)",4,2020-06-04 00:00:00,2020-06-04,0000,20.5,76.0,,1004.0,25.0,4.0,D
2020,3,NISARGA,"Best track positions and other parameters of the Severe Cyclonic Storm “NISARGA” over the eastcentral and adjoining southeast Arabian Sea (01st-04th June, 2020)",4,2020-06-04 00:00:00,2020-06-04,0000,21.2,76.9,,1005.0,20.0,3.0,D
2020,3,NISARGA,"Best track positions and other parameters of the Severe Cyclonic Storm “NISARGA” over the eastcentral and adjoining southeast Arabian Sea (01st-04th June, 2020)",4,2020-06-04 00:00:00,2020-06-04,0000,21.8,77.6,,1005.0,20.0,3.0,D
2020,4,DEEP DEPRESSION,Best track positions and other parameters of the deep depression over Bay of Bengal during 11th - 14th October,5,2020-10-11 00:00:00,2020-10-11,0000,15.3,86.5,1.5,999.0,20.0,3.0,D
2020,4,DEEP DEPRESSION,Best track positions and other parameters of the deep depression over Bay of Bengal during 11th - 14th October,5,2020-10-11 03:00:00,2020-10-11,0300,15.4,86.2,1.5,998.0,25.0,4.0,D
2020,4,DEEP DEPRESSION,Best track positions and other parameters of the deep depression over Bay of Bengal during 11th - 14th October,5,2020-10-11 06:00:00,2020-10-11,0600,15.4,85.8,1.5,998.0,25.0,4.0,D
2020,4,DEEP DEPRESSION,Best track positions and other parameters of the deep depression over Bay of Bengal during 11th - 14th October,5,2020-10-11 12:00:00,2020-10-11,1200,15.5,85.4,1.5,998.0,25.0,4.0,D
2020,4,DEEP DEPRESSION,Best track positions and other parameters of the deep depression over Bay of Bengal during 11th - 14th October,5,2020-10-11 18:00:00,2020-10-11,1800,15.6,85.2,1.5,998.0,25.0,4.0,D
2020,4,DEEP DEPRESSION,Best track positions and other parameters of the deep depression over Bay of Bengal during 11th - 14th October,5,2020-10-12 00:00:00,2020-10-12,0000,15.7,85.0,1.5,998.0,25.0,4.0,D
2020,4,DEEP DEPRESSION,Best track positions and other parameters of the deep depression over Bay of Bengal during 11th - 14th October,5,2020-10-12 03:00:00,2020-10-12,0300,15.7,85.0,2.0,997.0,30.0,5.0,DD
2020,4,DEEP DEPRESSION,Best track positions and other parameters of the deep depression over Bay of Bengal during 11th - 14th October,5,2020-10-12 06:00:00,2020-10-12,0600,15.9,84.8,2.0,997.0,30.0,5.0,DD
2020,4,DEEP DEPRESSION,Best track positions and other parameters of the deep depression over Bay of Bengal during 11th - 14th October,5,2020-10-12 12:00:00,2020-10-12,1200,16.1,84.6,2.0,997.0,30.0,5.0,DD
2020,4,DEEP DEPRESSION,Best track positions and other parameters of the deep depression over Bay of Bengal during 11th - 14th October,5,2020-10-12 18:00:00,2020-10-12,1800,16.5,83.4,2.0,997.0,30.0,5.0,DD
2020,4,DEEP DEPRESSION,Best track positions and other parameters of the deep depression over Bay of Bengal during 11th - 14th October,5,2020-10-13 00:00:00,2020-10-13,0000,16.9,82.5,,997.0,30.0,5.0,DD
2020,4,DEEP DEPRESSION,Best track positions and other parameters of the deep depression over Bay of Bengal during 11th - 14th October,5,2020-10-13 00:00:00,2020-10-13,0000,17.0,82.1,,996.0,30.0,6.0,DD
2020,4,DEEP DEPRESSION,Best track positions and other parameters of the deep depression over Bay of Bengal during 11th - 14th October,5,2020-10-13 00:00:00,2020-10-13,0000,17.3,81.5,,998.0,25.0,4.0,D
2020,4,DEEP DEPRESSION,Best track positions and other parameters of the deep depression over Bay of Bengal during 11th - 14th October,5,2020-10-13 00:00:00,2020-10-13,0000,17.5,80.5,,998.0,25.0,4.0,D
2020,4,DEEP DEPRESSION,Best track positions and other parameters of the deep depression over Bay of Bengal during 11th - 14th October,5,2020-10-13 00:00:00,2020-10-13,0000,17.6,79.5,,998.0,25.0,4.0,D
2020,4,DEEP DEPRESSION,Best track positions and other parameters of the deep depression over Bay of Bengal during 11th - 14th October,5,2020-10-14 00:00:00,2020-10-14,0000,17.7,78.1,,1000.0,20.0,3.0,D
2020,4,DEEP DEPRESSION,Best track positions and other parameters of the deep depression over Bay of Bengal during 11th - 14th October,5,2020-10-14 00:00:00,2020-10-14,0000,17.7,77.5,,1000.0,20.0,3.0,D
2020,4,DEEP DEPRESSION,Best track positions and other parameters of the deep depression over Bay of Bengal during 11th - 14th October,5,2020-10-14 00:00:00,2020-10-14,0000,17.7,77.0,,1000.0,20.0,3.0,D
2020,5,DEPRESSION,"Best track positions and other parameters of the depression over the Arabian Sea during 17th -19th October, 2020",6,2020-10-17 03:00:00,2020-10-17,0300,17.8,69.0,1.5,1004.0,20.0,3.0,D
2020,5,DEPRESSION,"Best track positions and other parameters of the depression over the Arabian Sea during 17th -19th October, 2020",6,2020-10-17 06:00:00,2020-10-17,0600,17.8,68.2,1.5,1004.0,20.0,3.0,D
2020,5,DEPRESSION,"Best track positions and other parameters of the depression over the Arabian Sea during 17th -19th October, 2020",6,2020-10-17 12:00:00,2020-10-17,1200,17.8,67.5,1.5,1003.0,25.0,4.0,D
2020,5,DEPRESSION,"Best track positions and other parameters of the depression over the Arabian Sea during 17th -19th October, 2020",6,2020-10-17 18:00:00,2020-10-17,1800,17.8,66.8,1.5,1003.0,25.0,4.0,D
2020,5,DEPRESSION,"Best track positions and other parameters of the depression over the Arabian Sea during 17th -19th October, 2020",6,2020-10-18 00:00:00,2020-10-18,0000,17.8,66.4,1.5,1003.0,25.0,4.0,D
2020,5,DEPRESSION,"Best track positions and other parameters of the depression over the Arabian Sea during 17th -19th October, 2020",6,2020-10-18 03:00:00,2020-10-18,0300,17.8,65.8,1.5,1004.0,20.0,3.0,D
2020,5,DEPRESSION,"Best track positions and other parameters of the depression over the Arabian Sea during 17th -19th October, 2020",6,2020-10-18 06:00:00,2020-10-18,0600,17.8,65.3,1.5,1004.0,20.0,3.0,D
2020,5,DEPRESSION,"Best track positions and other parameters of the depression over the Arabian Sea during 17th -19th October, 2020",6,2020-10-18 12:00:00,2020-10-18,1200,17.8,64.8,1.5,1004.0,20.0,3.0,D
2020,5,DEPRESSION,"Best track positions and other parameters of the depression over the Arabian Sea during 17th -19th October, 2020",6,2020-10-18 18:00:00,2020-10-18,1800,17.8,64.3,1.5,1004.0,20.0,3.0,D
2020,6,DEPRESSION,"Best track positions and other parameters of the depression over the Bay of Bengal during 22nd -24th October, 2020",7,2020-10-22 00:00:00,2020-10-22,0000,21.2,88.2,1.5,998.0,25.0,4.0,D
2020,6,DEPRESSION,"Best track positions and other parameters of the depression over the Bay of Bengal during 22nd -24th October, 2020",7,2020-10-22 03:00:00,2020-10-22,0300,18.7,87.0,1.5,999.0,20.0,3.0,D
2020,6,DEPRESSION,"Best track positions and other parameters of the depression over the Bay of Bengal during 22nd -24th October, 2020",7,2020-10-22 03:00:00,2020-10-22,0300,21.4,88.4,1.5,998.0,25.0,4.0,D
2020,6,DEPRESSION,"Best track positions and other parameters of the depression over the Bay of Bengal during 22nd -24th October, 2020",7,2020-10-22 06:00:00,2020-10-22,0600,19.0,87.0,1.5,998.0,25.0,4.0,D
2020,6,DEPRESSION,"Best track positions and other parameters of the depression over the Bay of Bengal during 22nd -24th October, 2020",7,2020-10-22 06:00:00,2020-10-22,0600,21.7,88.5,1.5,998.0,25.0,4.0,D
2020,6,DEPRESSION,"Best track positions and other parameters of the depression over the Bay of Bengal during 22nd -24th October, 2020",7,2020-10-22 09:00:00,2020-10-22,0900,22.5,89.1,1.5,998.0,25.0,4.0,D
2020,6,DEPRESSION,"Best track positions and other parameters of the depression over the Bay of Bengal during 22nd -24th October, 2020",7,2020-10-22 12:00:00,2020-10-22,1200,19.7,87.3,1.5,998.0,25.0,4.0,D
2020,6,DEPRESSION,"Best track positions and other parameters of the depression over the Bay of Bengal during 22nd -24th October, 2020",7,2020-10-22 12:00:00,2020-10-22,1200,23.3,89.5,1.5,1000.0,20.0,3.0,D
2020,6,DEPRESSION,"Best track positions and other parameters of the depression over the Bay of Bengal during 22nd -24th October, 2020",7,2020-10-22 18:00:00,2020-10-22,1800,20.2,87.6,1.5,998.0,25.0,4.0,D
2020,6,DEPRESSION,"Best track positions and other parameters of the depression over the Bay of Bengal during 22nd -24th October, 2020",7,2020-10-22 18:00:00,2020-10-22,1800,24.0,89.9,1.5,1000.0,20.0,3.0,D
2020,7,NIVAR,"Best track positions and other parameters of the Very Severe Cyclonic Storm, ‘NIVAR’ over the Bay of Bengal during 22 Nov- 27 Nov, 2020",8,2020-11-22 21:00:00,2020-11-22,2100,8.5,85.3,1.5,1002.0,25.0,3.0,D
2020,7,NIVAR,"Best track positions and other parameters of the Very Severe Cyclonic Storm, ‘NIVAR’ over the Bay of Bengal during 22 Nov- 27 Nov, 2020",8,2020-11-23 00:00:00,2020-11-23,0000,9.3,84.5,1.5,1002.0,25.0,3.0,D
2020,7,NIVAR,"Best track positions and other parameters of the Very Severe Cyclonic Storm, ‘NIVAR’ over the Bay of Bengal during 22 Nov- 27 Nov, 2020",8,2020-11-23 03:00:00,2020-11-23,0300,9.5,84.2,1.5,1002.0,25.0,3.0,D
2020,7,NIVAR,"Best track positions and other parameters of the Very Severe Cyclonic Storm, ‘NIVAR’ over the Bay of Bengal during 22 Nov- 27 Nov, 2020",8,2020-11-23 06:00:00,2020-11-23,0600,9.6,84.0,1.5,1001.0,25.0,4.0,D
2020,7,NIVAR,"Best track positions and other parameters of the Very Severe Cyclonic Storm, ‘NIVAR’ over the Bay of Bengal during 22 Nov- 27 Nov, 2020",8,2020-11-23 12:00:00,2020-11-23,1200,9.8,83.6,2.0,999.0,30.0,5.0,DD
2020,7,NIVAR,"Best track positions and other parameters of the Very Severe Cyclonic Storm, ‘NIVAR’ over the Bay of Bengal during 22 Nov- 27 Nov, 2020",8,2020-11-23 18:00:00,2020-11-23,1800,10.0,83.3,2.0,998.0,30.0,6.0,DD
2020,7,NIVAR,"Best track positions and other parameters of the Very Severe Cyclonic Storm, ‘NIVAR’ over the Bay of Bengal during 22 Nov- 27 Nov, 2020",8,2020-11-24 00:00:00,2020-11-24,0000,10.0,83.0,2.5,997.0,35.0,7.0,CS
2020,7,NIVAR,"Best track positions and other parameters of the Very Severe Cyclonic Storm, ‘NIVAR’ over the Bay of Bengal during 22 Nov- 27 Nov, 2020",8,2020-11-24 03:00:00,2020-11-24,0300,10.0,83.0,2.5,997.0,35.0,7.0,CS
2020,7,NIVAR,"Best track positions and other parameters of the Very Severe Cyclonic Storm, ‘NIVAR’ over the Bay of Bengal during 22 Nov- 27 Nov, 2020",8,2020-11-24 06:00:00,2020-11-24,0600,10.0,82.7,2.5,994.0,40.0,8.0,CS
2020,7,NIVAR,"Best track positions and other parameters of the Very Severe Cyclonic Storm, ‘NIVAR’ over the Bay of Bengal during 22 Nov- 27 Nov, 2020",8,2020-11-24 09:00:00,2020-11-24,0900,10.0,82.6,3.0,992.0,45.0,10.0,CS
2020,7,NIVAR,"Best track positions and other parameters of the Very Severe Cyclonic Storm, ‘NIVAR’ over the Bay of Bengal during 22 Nov- 27 Nov, 2020",8,2020-11-24 12:00:00,2020-11-24,1200,10.1,82.5,3.0,992.0,45.0,10.0,CS
2020,7,NIVAR,"Best track positions and other parameters of the Very Severe Cyclonic Storm, ‘NIVAR’ over the Bay of Bengal during 22 Nov- 27 Nov, 2020",8,2020-11-24 15:00:00,2020-11-24,1500,10.1,82.4,3.0,992.0,45.0,10.0,CS
2020,7,NIVAR,"Best track positions and other parameters of the Very Severe Cyclonic Storm, ‘NIVAR’ over the Bay of Bengal during 22 Nov- 27 Nov, 2020",8,2020-11-24 18:00:00,2020-11-24,1800,10.2,82.3,3.5,990.0,50.0,12.0,SCS
2020,7,NIVAR,"Best track positions and other parameters of the Very Severe Cyclonic Storm, ‘NIVAR’ over the Bay of Bengal during 22 Nov- 27 Nov, 2020",8,2020-11-24 21:00:00,2020-11-24,2100,10.3,82.2,3.5,988.0,55.0,16.0,SCS
2020,7,NIVAR,"Best track positions and other parameters of the Very Severe Cyclonic Storm, ‘NIVAR’ over the Bay of Bengal during 22 Nov- 27 Nov, 2020",8,2020-11-25 00:00:00,2020-11-25,0000,10.5,82.0,3.5,986.0,60.0,18.0,SCS
2020,7,NIVAR,"Best track positions and other parameters of the Very Severe Cyclonic Storm, ‘NIVAR’ over the Bay of Bengal during 22 Nov- 27 Nov, 2020",8,2020-11-25 00:00:00,2020-11-25,0000,12.1,79.9,,986.0,60.0,18.0,SCS
2020,7,NIVAR,"Best track positions and other parameters of the Very Severe Cyclonic Storm, ‘NIVAR’ over the Bay of Bengal during 22 Nov- 27 Nov, 2020",8,2020-11-25 03:00:00,2020-11-25,0300,10.7,81.7,3.5,986.0,60.0,18.0,SCS
2020,7,NIVAR,"Best track positions and other parameters of the Very Severe Cyclonic Storm, ‘NIVAR’ over the Bay of Bengal during 22 Nov- 27 Nov, 2020",8,2020-11-25 06:00:00,2020-11-25,0600,11.0,81.3,3.5,986.0,60.0,18.0,SCS
2020,7,NIVAR,"Best track positions and other parameters of the Very Severe Cyclonic Storm, ‘NIVAR’ over the Bay of Bengal during 22 Nov- 27 Nov, 2020",8,2020-11-25 09:00:00,2020-11-25,0900,11.2,81.0,4.0,982.0,65.0,22.0,VSCS
2020,7,NIVAR,"Best track positions and other parameters of the Very Severe Cyclonic Storm, ‘NIVAR’ over the Bay of Bengal during 22 Nov- 27 Nov, 2020",8,2020-11-25 12:00:00,2020-11-25,1200,11.4,80.7,4.0,982.0,65.0,22.0,VSCS
2020,7,NIVAR,"Best track positions and other parameters of the Very Severe Cyclonic Storm, ‘NIVAR’ over the Bay of Bengal during 22 Nov- 27 Nov, 2020",8,2020-11-25 15:00:00,2020-11-25,1500,11.7,80.4,4.0,982.0,65.0,22.0,VSCS
2020,7,NIVAR,"Best track positions and other parameters of the Very Severe Cyclonic Storm, ‘NIVAR’ over the Bay of Bengal during 22 Nov- 27 Nov, 2020",8,2020-11-25 18:00:00,2020-11-25,1800,12.0,80.1,4.0,982.0,65.0,22.0,VSCS
2020,7,NIVAR,"Best track positions and other parameters of the Very Severe Cyclonic Storm, ‘NIVAR’ over the Bay of Bengal during 22 Nov- 27 Nov, 2020",8,2020-11-26 00:00:00,2020-11-26,0000,12.3,79.7,,992.0,50.0,12.0,SCS
2020,7,NIVAR,"Best track positions and other parameters of the Very Severe Cyclonic Storm, ‘NIVAR’ over the Bay of Bengal during 22 Nov- 27 Nov, 2020",8,2020-11-26 00:00:00,2020-11-26,0000,12.6,79.4,,996.0,40.0,8.0,CS
2020,7,NIVAR,"Best track positions and other parameters of the Very Severe Cyclonic Storm, ‘NIVAR’ over the Bay of Bengal during 22 Nov- 27 Nov, 2020",8,2020-11-26 00:00:00,2020-11-26,0000,12.9,79.3,,998.0,30.0,6.0,CS
2020,7,NIVAR,"Best track positions and other parameters of the Very Severe Cyclonic Storm, ‘NIVAR’ over the Bay of Bengal during 22 Nov- 27 Nov, 2020",8,2020-11-26 00:00:00,2020-11-26,0000,13.3,79.3,,999.0,30.0,5.0,DD
2020,7,NIVAR,"Best track positions and other parameters of the Very Severe Cyclonic Storm, ‘NIVAR’ over the Bay of Bengal during 22 Nov- 27 Nov, 2020",8,2020-11-26 00:00:00,2020-11-26,0000,13.6,79.4,,1000.0,30.0,5.0,DD
2020,7,NIVAR,"Best track positions and other parameters of the Very Severe Cyclonic Storm, ‘NIVAR’ over the Bay of Bengal during 22 Nov- 27 Nov, 2020",8,2020-11-26 00:00:00,2020-11-26,0000,14.0,79.6,,1002.0,20.0,3.0,D
2020,8,GATI,"Best track positions and other parameters of the Very Severe Cyclonic Storm ‘GATI’ over the Arabian Sea during 21st - 24th November, 2020",9,2020-11-21 18:00:00,2020-11-21,1800,11.2,57.4,1.5,1000.0,25.0,4.0,D
2020,8,GATI,"Best track positions and other parameters of the Very Severe Cyclonic Storm ‘GATI’ over the Arabian Sea during 21st - 24th November, 2020",9,2020-11-22 00:00:00,2020-11-22,0000,11.1,55.4,2.0,998.0,30.0,6.0,DD
2020,8,GATI,"Best track positions and other parameters of the Very Severe Cyclonic Storm ‘GATI’ over the Arabian Sea during 21st - 24th November, 2020",9,2020-11-22 00:00:00,2020-11-22,0000,10.4,51.0,,976.0,75.0,26.0,VSCS
2020,8,GATI,"Best track positions and other parameters of the Very Severe Cyclonic Storm ‘GATI’ over the Arabian Sea during 21st - 24th November, 2020",9,2020-11-22 00:00:00,2020-11-22,0000,10.4,50.5,,982.0,65.0,22.0,VSCS
2020,8,GATI,"Best track positions and other parameters of the Very Severe Cyclonic Storm ‘GATI’ over the Arabian Sea during 21st - 24th November, 2020",9,2020-11-22 00:00:00,2020-11-22,0000,10.4,50.1,,986.0,60.0,18.0,SCS
2020,8,GATI,"Best track positions and other parameters of the Very Severe Cyclonic Storm ‘GATI’ over the Arabian Sea during 21st - 24th November, 2020",9,2020-11-22 03:00:00,2020-11-22,0300,10.7,53.8,2.5,996.0,40.0,8.0,CS
2020,8,GATI,"Best track positions and other parameters of the Very Severe Cyclonic Storm ‘GATI’ over the Arabian Sea during 21st - 24th November, 2020",9,2020-11-22 06:00:00,2020-11-22,0600,10.4,52.7,3.0,992.0,50.0,12.0,SCS
2020,8,GATI,"Best track positions and other parameters of the Very Severe Cyclonic Storm ‘GATI’ over the Arabian Sea during 21st - 24th November, 2020",9,2020-11-22 09:00:00,2020-11-22,0900,10.4,52.0,4.0,982.0,65.0,22.0,VSCS
2020,8,GATI,"Best track positions and other parameters of the Very Severe Cyclonic Storm ‘GATI’ over the Arabian Sea during 21st - 24th November, 2020",9,2020-11-22 12:00:00,2020-11-22,1200,10.4,51.5,4.5,976.0,75.0,26.0,VSCS
2020,8,GATI,"Best track positions and other parameters of the Very Severe Cyclonic Storm ‘GATI’ over the Arabian Sea during 21st - 24th November, 2020",9,2020-11-23 00:00:00,2020-11-23,0000,10.5,50.0,,994.0,45.0,10.0,CS
2020,8,GATI,"Best track positions and other parameters of the Very Severe Cyclonic Storm ‘GATI’ over the Arabian Sea during 21st - 24th November, 2020",9,2020-11-23 00:00:00,2020-11-23,0000,10.7,49.7,,997.0,35.0,7.0,CS
2020,8,GATI,"Best track positions and other parameters of the Very Severe Cyclonic Storm ‘GATI’ over the Arabian Sea during 21st - 24th November, 2020",9,2020-11-23 00:00:00,2020-11-23,0000,10.9,49.2,,998.0,30.0,6.0,DD
2020,8,GATI,"Best track positions and other parameters of the Very Severe Cyclonic Storm ‘GATI’ over the Arabian Sea during 21st - 24th November, 2020",9,2020-11-23 12:00:00,2020-11-23,1200,11.3,48.5,2.0,999.0,30.0,5.0,DD
2020,8,GATI,"Best track positions and other parameters of the Very Severe Cyclonic Storm ‘GATI’ over the Arabian Sea during 21st - 24th November, 2020",9,2020-11-23 18:00:00,2020-11-23,1800,11.7,47.5,2.0,1000.0,30.0,5.0,DD
2020,8,GATI,"Best track positions and other parameters of the Very Severe Cyclonic Storm ‘GATI’ over the Arabian Sea during 21st - 24th November, 2020",9,2020-11-24 00:00:00,2020-11-24,0000,11.6,47.0,1.5,1001.0,25.0,4.0,D
2020,8,GATI,"Best track positions and other parameters of the Very Severe Cyclonic Storm ‘GATI’ over the Arabian Sea during 21st - 24th November, 2020",9,2020-11-24 03:00:00,2020-11-24,0300,11.6,46.8,1.5,1002.0,20.0,3.0,D
2020,9,BUREVI,"Best track positions and other parameters of the Cyclonic Storm, ‘BUREVI’ over the Bay of Bengal during 30 Nov- 05 Dec., 2020",10,2020-11-30 00:00:00,2020-11-30,0000,7.5,88.0,1.5,1003.0,20.0,3.0,D
2020,9,BUREVI,"Best track positions and other parameters of the Cyclonic Storm, ‘BUREVI’ over the Bay of Bengal during 30 Nov- 05 Dec., 2020",10,2020-11-30 03:00:00,2020-11-30,0300,7.7,87.7,1.5,1002.0,25.0,4.0,D
2020,9,BUREVI,"Best track positions and other parameters of the Cyclonic Storm, ‘BUREVI’ over the Bay of Bengal during 30 Nov- 05 Dec., 2020",10,2020-11-30 06:00:00,2020-11-30,0600,7.8,87.4,1.5,1002.0,25.0,4.0,D
2020,9,BUREVI,"Best track positions and other parameters of the Cyclonic Storm, ‘BUREVI’ over the Bay of Bengal during 30 Nov- 05 Dec., 2020",10,2020-11-30 12:00:00,2020-11-30,1200,7.7,87.0,1.5,1002.0,25.0,4.0,D
2020,9,BUREVI,"Best track positions and other parameters of the Cyclonic Storm, ‘BUREVI’ over the Bay of Bengal during 30 Nov- 05 Dec., 2020",10,2020-11-30 18:00:00,2020-11-30,1800,7.8,86.6,1.5,1002.0,25.0,4.0,D
2020,9,BUREVI,"Best track positions and other parameters of the Cyclonic Storm, ‘BUREVI’ over the Bay of Bengal during 30 Nov- 05 Dec., 2020",10,2020-12-01 00:00:00,2020-12-01,0000,7.8,86.0,2.0,1000.0,30.0,6.0,DD
2020,9,BUREVI,"Best track positions and other parameters of the Cyclonic Storm, ‘BUREVI’ over the Bay of Bengal during 30 Nov- 05 Dec., 2020",10,2020-12-01 03:00:00,2020-12-01,0300,7.8,85.7,2.0,1000.0,30.0,6.0,DD
2020,9,BUREVI,"Best track positions and other parameters of the Cyclonic Storm, ‘BUREVI’ over the Bay of Bengal during 30 Nov- 05 Dec., 2020",10,2020-12-01 06:00:00,2020-12-01,0600,7.8,85.3,2.0,1000.0,30.0,6.0,DD
2020,9,BUREVI,"Best track positions and other parameters of the Cyclonic Storm, ‘BUREVI’ over the Bay of Bengal during 30 Nov- 05 Dec., 2020",10,2020-12-01 12:00:00,2020-12-01,1200,7.9,84.8,2.5,999.0,35.0,7.0,CS
2020,9,BUREVI,"Best track positions and other parameters of the Cyclonic Storm, ‘BUREVI’ over the Bay of Bengal during 30 Nov- 05 Dec., 2020",10,2020-12-01 15:00:00,2020-12-01,1500,7.9,84.5,2.5,999.0,35.0,7.0,CS
2020,9,BUREVI,"Best track positions and other parameters of the Cyclonic Storm, ‘BUREVI’ over the Bay of Bengal during 30 Nov- 05 Dec., 2020",10,2020-12-01 18:00:00,2020-12-01,1800,8.1,84.2,2.5,999.0,35.0,7.0,CS
2020,9,BUREVI,"Best track positions and other parameters of the Cyclonic Storm, ‘BUREVI’ over the Bay of Bengal during 30 Nov- 05 Dec., 2020",10,2020-12-01 21:00:00,2020-12-01,2100,8.4,83.4,2.5,999.0,35.0,7.0,CS
2020,9,BUREVI,"Best track positions and other parameters of the Cyclonic Storm, ‘BUREVI’ over the Bay of Bengal during 30 Nov- 05 Dec., 2020",10,2020-12-02 00:00:00,2020-12-02,0000,8.6,83.0,2.5,998.0,40.0,8.0,CS
2020,9,BUREVI,"Best track positions and other parameters of the Cyclonic Storm, ‘BUREVI’ over the Bay of Bengal during 30 Nov- 05 Dec., 2020",10,2020-12-02 00:00:00,2020-12-02,0000,8.9,80.9,,996.0,45.0,10.0,CS
2020,9,BUREVI,"Best track positions and other parameters of the Cyclonic Storm, ‘BUREVI’ over the Bay of Bengal during 30 Nov- 05 Dec., 2020",10,2020-12-02 00:00:00,2020-12-02,0000,9.0,80.8,,998.0,40.0,8.0,CS
2020,9,BUREVI,"Best track positions and other parameters of the Cyclonic Storm, ‘BUREVI’ over the Bay of Bengal during 30 Nov- 05 Dec., 2020",10,2020-12-02 03:00:00,2020-12-02,0300,8.7,82.5,2.5,998.0,40.0,8.0,CS
2020,9,BUREVI,"Best track positions and other parameters of the Cyclonic Storm, ‘BUREVI’ over the Bay of Bengal during 30 Nov- 05 Dec., 2020",10,2020-12-02 06:00:00,2020-12-02,0600,8.8,82.2,3.0,996.0,45.0,10.0,CS
2020,9,BUREVI,"Best track positions and other parameters of the Cyclonic Storm, ‘BUREVI’ over the Bay of Bengal during 30 Nov- 05 Dec., 2020",10,2020-12-02 09:00:00,2020-12-02,0900,8.8,81.8,3.0,996.0,45.0,10.0,CS
2020,9,BUREVI,"Best track positions and other parameters of the Cyclonic Storm, ‘BUREVI’ over the Bay of Bengal during 30 Nov- 05 Dec., 2020",10,2020-12-02 12:00:00,2020-12-02,1200,8.8,81.4,3.0,996.0,45.0,10.0,CS
2020,9,BUREVI,"Best track positions and other parameters of the Cyclonic Storm, ‘BUREVI’ over the Bay of Bengal during 30 Nov- 05 Dec., 2020",10,2020-12-02 15:00:00,2020-12-02,1500,8.8,81.4,3.0,996.0,45.0,10.0,CS
2020,9,BUREVI,"Best track positions and other parameters of the Cyclonic Storm, ‘BUREVI’ over the Bay of Bengal during 30 Nov- 05 Dec., 2020",10,2020-12-03 00:00:00,2020-12-03,0000,9.0,80.3,,998.0,40.0,8.0,CS
2020,9,BUREVI,"Best track positions and other parameters of the Cyclonic Storm, ‘BUREVI’ over the Bay of Bengal during 30 Nov- 05 Dec., 2020",10,2020-12-03 00:00:00,2020-12-03,0000,9.1,80.2,,998.0,40.0,8.0,CS
2020,9,BUREVI,"Best track positions and other parameters of the Cyclonic Storm, ‘BUREVI’ over the Bay of Bengal during 30 Nov- 05 Dec., 2020",10,2020-12-03 00:00:00,2020-12-03,0000,9.2,79.7,,998.0,40.0,8.0,CS
2020,9,BUREVI,"Best track positions and other parameters of the Cyclonic Storm, ‘BUREVI’ over the Bay of Bengal during 30 Nov- 05 Dec., 2020",10,2020-12-03 09:00:00,2020-12-03,0900,9.2,79.3,2.5,999.0,35.0,7.0,CS
2020,9,BUREVI,"Best track positions and other parameters of the Cyclonic Storm, ‘BUREVI’ over the Bay of Bengal during 30 Nov- 05 Dec., 2020",10,2020-12-03 12:00:00,2020-12-03,1200,9.2,79.1,2.0,1000.0,30.0,6.0,DD
2020,9,BUREVI,"Best track positions and other parameters of the Cyclonic Storm, ‘BUREVI’ over the Bay of Bengal during 30 Nov- 05 Dec., 2020",10,2020-12-03 15:00:00,2020-12-03,1500,9.2,78.8,2.0,1000.0,30.0,6.0,DD
2020,9,BUREVI,"Best track positions and other parameters of the Cyclonic Storm, ‘BUREVI’ over the Bay of Bengal during 30 Nov- 05 Dec., 2020",10,2020-12-03 18:00:00,2020-12-03,1800,9.1,78.6,2.0,1000.0,30.0,6.0,DD
2020,9,BUREVI,"Best track positions and other parameters of the Cyclonic Storm, ‘BUREVI’ over the Bay of Bengal during 30 Nov- 05 Dec., 2020",10,2020-12-03 21:00:00,2020-12-03,2100,9.1,78.6,2.0,1000.0,30.0,6.0,DD
2020,9,BUREVI,"Best track positions and other parameters of the Cyclonic Storm, ‘BUREVI’ over the Bay of Bengal during 30 Nov- 05 Dec., 2020",10,2020-12-04 00:00:00,2020-12-04,0000,9.1,78.6,2.0,1000.0,30.0,6.0,DD
2020,9,BUREVI,"Best track positions and other parameters of the Cyclonic Storm, ‘BUREVI’ over the Bay of Bengal during 30 Nov- 05 Dec., 2020",10,2020-12-04 03:00:00,2020-12-04,0300,9.1,78.6,2.0,1001.0,30.0,5.0,DD
2020,9,BUREVI,"Best track positions and other parameters of the Cyclonic Storm, ‘BUREVI’ over the Bay of Bengal during 30 Nov- 05 Dec., 2020",10,2020-12-04 06:00:00,2020-12-04,0600,9.1,78.6,2.0,1001.0,30.0,5.0,DD
2020,9,BUREVI,"Best track positions and other parameters of the Cyclonic Storm, ‘BUREVI’ over the Bay of Bengal during 30 Nov- 05 Dec., 2020",10,2020-12-04 12:00:00,2020-12-04,1200,9.1,78.6,1.5,1002.0,25.0,4.0,D
2020,9,BUREVI,"Best track positions and other parameters of the Cyclonic Storm, ‘BUREVI’ over the Bay of Bengal during 30 Nov- 05 Dec., 2020",10,2020-12-04 18:00:00,2020-12-04,1800,9.1,78.6,1.5,1003.0,25.0,4.0,D
2020,9,BUREVI,"Best track positions and other parameters of the Cyclonic Storm, ‘BUREVI’ over the Bay of Bengal during 30 Nov- 05 Dec., 2020",10,2020-12-05 00:00:00,2020-12-05,0000,9.1,78.6,1.5,1004.0,20.0,3.0,D
2020,9,BUREVI,"Best track positions and other parameters of the Cyclonic Storm, ‘BUREVI’ over the Bay of Bengal during 30 Nov- 05 Dec., 2020",10,2020-12-05 03:00:00,2020-12-05,0300,9.1,78.6,1.5,1006.0,20.0,3.0,D
2021,1,DEPRESSION,"Best track positions and other parameters of the Depression over North Andaman Sea during 02nd- 03rd April, 2021",2,2021-04-02 00:00:00,2021-04-02,0000,11.0,96.3,1.5,1000.0,25.0,3.0,D
2021,1,DEPRESSION,"Best track positions and other parameters of the Depression over North Andaman Sea during 02nd- 03rd April, 2021",2,2021-04-02 03:00:00,2021-04-02,0300,11.0,96.3,1.5,1000.0,25.0,3.0,D
2021,1,DEPRESSION,"Best track positions and other parameters of the Depression over North Andaman Sea during 02nd- 03rd April, 2021",2,2021-04-02 06:00:00,2021-04-02,0600,11.2,96.4,1.5,1000.0,25.0,3.0,D
2021,1,DEPRESSION,"Best track positions and other parameters of the Depression over North Andaman Sea during 02nd- 03rd April, 2021",2,2021-04-02 12:00:00,2021-04-02,1200,11.8,96.8,1.5,1000.0,25.0,3.0,D
2021,1,DEPRESSION,"Best track positions and other parameters of the Depression over North Andaman Sea during 02nd- 03rd April, 2021",2,2021-04-02 18:00:00,2021-04-02,1800,12.3,97.2,1.5,1000.0,25.0,3.0,D
2021,1,DEPRESSION,"Best track positions and other parameters of the Depression over North Andaman Sea during 02nd- 03rd April, 2021",2,2021-04-03 00:00:00,2021-04-03,0000,13.0,97.5,1.5,1002.0,25.0,3.0,D
2021,1,DEPRESSION,"Best track positions and other parameters of the Depression over North Andaman Sea during 02nd- 03rd April, 2021",2,2021-04-03 03:00:00,2021-04-03,0300,13.2,97.6,1.5,1004.0,20.0,2.0,D
2021,2,TAUKTAE,"Best track positions and other parameters of the Extremely Severe Cyclonic Storm, “Tauktae” over the Arabian Sea during 14 May- 19 May, 2021",3,2021-05-14 03:00:00,2021-05-14,0300,10.5,72.3,1.5,997.0,25.0,3.0,D
2021,2,TAUKTAE,"Best track positions and other parameters of the Extremely Severe Cyclonic Storm, “Tauktae” over the Arabian Sea during 14 May- 19 May, 2021",3,2021-05-14 06:00:00,2021-05-14,0600,11.0,72.5,1.5,996.0,25.0,4.0,D
2021,2,TAUKTAE,"Best track positions and other parameters of the Extremely Severe Cyclonic Storm, “Tauktae” over the Arabian Sea during 14 May- 19 May, 2021",3,2021-05-14 09:00:00,2021-05-14,0900,11.5,72.5,2.0,995.0,30.0,5.0,D
2021,2,TAUKTAE,"Best track positions and other parameters of the Extremely Severe Cyclonic Storm, “Tauktae” over the Arabian Sea during 14 May- 19 May, 2021",3,2021-05-14 12:00:00,2021-05-14,1200,11.6,72.6,2.0,995.0,30.0,6.0,DD
2021,2,TAUKTAE,"Best track positions and other parameters of the Extremely Severe Cyclonic Storm, “Tauktae” over the Arabian Sea during 14 May- 19 May, 2021",3,2021-05-14 18:00:00,2021-05-14,1800,12.2,72.6,2.5,993.0,35.0,7.0,CS
2021,2,TAUKTAE,"Best track positions and other parameters of the Extremely Severe Cyclonic Storm, “Tauktae” over the Arabian Sea during 14 May- 19 May, 2021",3,2021-05-14 21:00:00,2021-05-14,2100,12.2,72.6,2.5,992.0,40.0,8.0,CS
2021,2,TAUKTAE,"Best track positions and other parameters of the Extremely Severe Cyclonic Storm, “Tauktae” over the Arabian Sea during 14 May- 19 May, 2021",3,2021-05-15 00:00:00,2021-05-15,0000,12.7,72.5,2.5,992.0,40.0,8.0,CS
2021,2,TAUKTAE,"Best track positions and other parameters of the Extremely Severe Cyclonic Storm, “Tauktae” over the Arabian Sea during 14 May- 19 May, 2021",3,2021-05-15 03:00:00,2021-05-15,0300,12.8,72.5,2.5,992.0,40.0,8.0,CS
2021,2,TAUKTAE,"Best track positions and other parameters of the Extremely Severe Cyclonic Storm, “Tauktae” over the Arabian Sea during 14 May- 19 May, 2021",3,2021-05-15 06:00:00,2021-05-15,0600,13.2,72.6,3.0,990.0,45.0,10.0,CS
2021,2,TAUKTAE,"Best track positions and other parameters of the Extremely Severe Cyclonic Storm, “Tauktae” over the Arabian Sea during 14 May- 19 May, 2021",3,2021-05-15 09:00:00,2021-05-15,0900,13.5,72.7,3.0,990.0,45.0,10.0,CS
2021,2,TAUKTAE,"Best track positions and other parameters of the Extremely Severe Cyclonic Storm, “Tauktae” over the Arabian Sea during 14 May- 19 May, 2021",3,2021-05-15 12:00:00,2021-05-15,1200,13.8,72.7,3.5,985.0,55.0,15.0,SCS
2021,2,TAUKTAE,"Best track positions and other parameters of the Extremely Severe Cyclonic Storm, “Tauktae” over the Arabian Sea during 14 May- 19 May, 2021",3,2021-05-15 15:00:00,2021-05-15,1500,14.2,72.7,3.5,984.0,55.0,16.0,SCS
2021,2,TAUKTAE,"Best track positions and other parameters of the Extremely Severe Cyclonic Storm, “Tauktae” over the Arabian Sea during 14 May- 19 May, 2021",3,2021-05-15 18:00:00,2021-05-15,1800,14.5,72.6,3.5,982.0,60.0,18.0,SCS
2021,2,TAUKTAE,"Best track positions and other parameters of the Extremely Severe Cyclonic Storm, “Tauktae” over the Arabian Sea during 14 May- 19 May, 2021",3,2021-05-15 21:00:00,2021-05-15,2100,14.7,72.7,3.5,982.0,60.0,18.0,SCS
2021,2,TAUKTAE,"Best track positions and other parameters of the Extremely Severe Cyclonic Storm, “Tauktae” over the Arabian Sea during 14 May- 19 May, 2021",3,2021-05-16 00:00:00,2021-05-16,0000,15.0,72.7,4.0,979.0,65.0,21.0,VSCS
2021,2,TAUKTAE,"Best track positions and other parameters of the Extremely Severe Cyclonic Storm, “Tauktae” over the Arabian Sea during 14 May- 19 May, 2021",3,2021-05-16 03:00:00,2021-05-16,0300,15.3,72.7,4.0,976.0,70.0,24.0,VSCS
2021,2,TAUKTAE,"Best track positions and other parameters of the Extremely Severe Cyclonic Storm, “Tauktae” over the Arabian Sea during 14 May- 19 May, 2021",3,2021-05-16 06:00:00,2021-05-16,0600,15.7,72.7,4.0,976.0,70.0,24.0,VSCS
2021,2,TAUKTAE,"Best track positions and other parameters of the Extremely Severe Cyclonic Storm, “Tauktae” over the Arabian Sea during 14 May- 19 May, 2021",3,2021-05-16 09:00:00,2021-05-16,0900,16.2,72.6,4.0,976.0,70.0,24.0,VSCS
2021,2,TAUKTAE,"Best track positions and other parameters of the Extremely Severe Cyclonic Storm, “Tauktae” over the Arabian Sea during 14 May- 19 May, 2021",3,2021-05-16 12:00:00,2021-05-16,1200,16.7,72.5,4.5,972.0,75.0,28.0,VSCS
2021,2,TAUKTAE,"Best track positions and other parameters of the Extremely Severe Cyclonic Storm, “Tauktae” over the Arabian Sea during 14 May- 19 May, 2021",3,2021-05-16 15:00:00,2021-05-16,1500,17.2,72.3,4.5,968.0,80.0,32.0,VSCS
2021,2,TAUKTAE,"Best track positions and other parameters of the Extremely Severe Cyclonic Storm, “Tauktae” over the Arabian Sea during 14 May- 19 May, 2021",3,2021-05-16 18:00:00,2021-05-16,1800,17.5,72.0,4.5,964.0,85.0,36.0,VSCS
2021,2,TAUKTAE,"Best track positions and other parameters of the Extremely Severe Cyclonic Storm, “Tauktae” over the Arabian Sea during 14 May- 19 May, 2021",3,2021-05-16 21:00:00,2021-05-16,2100,18.0,71.7,5.0,960.0,90.0,40.0,ESCS
2021,2,TAUKTAE,"Best track positions and other parameters of the Extremely Severe Cyclonic Storm, “Tauktae” over the Arabian Sea during 14 May- 19 May, 2021",3,2021-05-17 00:00:00,2021-05-17,0000,18.5,71.5,5.5,950.0,100.0,50.0,ESCS
2021,2,TAUKTAE,"Best track positions and other parameters of the Extremely Severe Cyclonic Storm, “Tauktae” over the Arabian Sea during 14 May- 19 May, 2021",3,2021-05-17 00:00:00,2021-05-17,0000,20.9,71.1,,964.0,85.0,36.0,VSCS
2021,2,TAUKTAE,"Best track positions and other parameters of the Extremely Severe Cyclonic Storm, “Tauktae” over the Arabian Sea during 14 May- 19 May, 2021",3,2021-05-17 00:00:00,2021-05-17,0000,21.3,71.2,,972.0,75.0,28.0,VSCS
2021,2,TAUKTAE,"Best track positions and other parameters of the Extremely Severe Cyclonic Storm, “Tauktae” over the Arabian Sea during 14 May- 19 May, 2021",3,2021-05-17 03:00:00,2021-05-17,0300,18.8,71.5,5.5,950.0,100.0,50.0,ESCS
2021,2,TAUKTAE,"Best track positions and other parameters of the Extremely Severe Cyclonic Storm, “Tauktae” over the Arabian Sea during 14 May- 19 May, 2021",3,2021-05-17 06:00:00,2021-05-17,0600,19.2,71.4,5.5,950.0,100.0,50.0,ESCS
2021,2,TAUKTAE,"Best track positions and other parameters of the Extremely Severe Cyclonic Storm, “Tauktae” over the Arabian Sea during 14 May- 19 May, 2021",3,2021-05-17 09:00:00,2021-05-17,0900,19.6,71.4,5.5,950.0,100.0,50.0,ESCS
2021,2,TAUKTAE,"Best track positions and other parameters of the Extremely Severe Cyclonic Storm, “Tauktae” over the Arabian Sea during 14 May- 19 May, 2021",3,2021-05-17 12:00:00,2021-05-17,1200,20.1,71.3,5.0,955.0,95.0,45.0,ESCS
2021,2,TAUKTAE,"Best track positions and other parameters of the Extremely Severe Cyclonic Storm, “Tauktae” over the Arabian Sea during 14 May- 19 May, 2021",3,2021-05-17 15:00:00,2021-05-17,1500,20.5,71.2,5.0,960.0,90.0,40.0,ESCS
2021,2,TAUKTAE,"Best track positions and other parameters of the Extremely Severe Cyclonic Storm, “Tauktae” over the Arabian Sea during 14 May- 19 May, 2021",3,2021-05-18 00:00:00,2021-05-18,0000,21.5,71.2,,978.0,65.0,22.0,VSCS
2021,2,TAUKTAE,"Best track positions and other parameters of the Extremely Severe Cyclonic Storm, “Tauktae” over the Arabian Sea during 14 May- 19 May, 2021",3,2021-05-18 00:00:00,2021-05-18,0000,21.6,71.3,,984.0,55.0,16.0,SCS
2021,2,TAUKTAE,"Best track positions and other parameters of the Extremely Severe Cyclonic Storm, “Tauktae” over the Arabian Sea during 14 May- 19 May, 2021",3,2021-05-18 00:00:00,2021-05-18,0000,22.0,71.5,,990.0,45.0,10.0,CS
2021,2,TAUKTAE,"Best track positions and other parameters of the Extremely Severe Cyclonic Storm, “Tauktae” over the Arabian Sea during 14 May- 19 May, 2021",3,2021-05-18 00:00:00,2021-05-18,0000,22.5,71.8,,992.0,40.0,8.0,CS
2021,2,TAUKTAE,"Best track positions and other parameters of the Extremely Severe Cyclonic Storm, “Tauktae” over the Arabian Sea during 14 May- 19 May, 2021",3,2021-05-18 00:00:00,2021-05-18,0000,23.1,72.3,,993.0,35.0,7.0,CS
2021,2,TAUKTAE,"Best track positions and other parameters of the Extremely Severe Cyclonic Storm, “Tauktae” over the Arabian Sea during 14 May- 19 May, 2021",3,2021-05-18 00:00:00,2021-05-18,0000,23.6,72.6,,994.0,30.0,6.0,DD
2021,2,TAUKTAE,"Best track positions and other parameters of the Extremely Severe Cyclonic Storm, “Tauktae” over the Arabian Sea during 14 May- 19 May, 2021",3,2021-05-18 00:00:00,2021-05-18,0000,24.1,73.0,,995.0,30.0,5.0,DD
2021,2,TAUKTAE,"Best track positions and other parameters of the Extremely Severe Cyclonic Storm, “Tauktae” over the Arabian Sea during 14 May- 19 May, 2021",3,2021-05-19 00:00:00,2021-05-19,0000,24.5,73.3,,996.0,25.0,4.0,D
2021,2,TAUKTAE,"Best track positions and other parameters of the Extremely Severe Cyclonic Storm, “Tauktae” over the Arabian Sea during 14 May- 19 May, 2021",3,2021-05-19 00:00:00,2021-05-19,0000,24.9,73.7,,997.0,20.0,3.0,D
2021,2,TAUKTAE,"Best track positions and other parameters of the Extremely Severe Cyclonic Storm, “Tauktae” over the Arabian Sea during 14 May- 19 May, 2021",3,2021-05-19 00:00:00,2021-05-19,0000,25.8,74.8,,997.0,20.0,3.0,D
2021,3,YAAS,"Best track positions and other parameters of the Very Severe Cyclonic Storm, “YAAS” over the Bay of Bengal during 23 May- 28 May, 2021",4,2021-05-23 06:00:00,2021-05-23,0600,16.1,90.2,1.5,996.0,25.0,4.0,D
2021,3,YAAS,"Best track positions and other parameters of the Very Severe Cyclonic Storm, “YAAS” over the Bay of Bengal during 23 May- 28 May, 2021",4,2021-05-23 12:00:00,2021-05-23,1200,16.2,89.9,1.5,994.0,25.0,4.0,D
2021,3,YAAS,"Best track positions and other parameters of the Very Severe Cyclonic Storm, “YAAS” over the Bay of Bengal during 23 May- 28 May, 2021",4,2021-05-23 18:00:00,2021-05-23,1800,16.3,89.7,2.0,992.0,30.0,5.0,DD
2021,3,YAAS,"Best track positions and other parameters of the Very Severe Cyclonic Storm, “YAAS” over the Bay of Bengal during 23 May- 28 May, 2021",4,2021-05-24 00:00:00,2021-05-24,0000,16.3,89.7,2.5,990.0,35.0,7.0,CS
2021,3,YAAS,"Best track positions and other parameters of the Very Severe Cyclonic Storm, “YAAS” over the Bay of Bengal during 23 May- 28 May, 2021",4,2021-05-24 03:00:00,2021-05-24,0300,16.5,89.6,2.5,988.0,40.0,8.0,CS
2021,3,YAAS,"Best track positions and other parameters of the Very Severe Cyclonic Storm, “YAAS” over the Bay of Bengal during 23 May- 28 May, 2021",4,2021-05-24 06:00:00,2021-05-24,0600,16.4,89.6,2.5,988.0,40.0,8.0,CS
2021,3,YAAS,"Best track positions and other parameters of the Very Severe Cyclonic Storm, “YAAS” over the Bay of Bengal during 23 May- 28 May, 2021",4,2021-05-24 09:00:00,2021-05-24,0900,16.8,89.5,2.5,988.0,40.0,8.0,CS
2021,3,YAAS,"Best track positions and other parameters of the Very Severe Cyclonic Storm, “YAAS” over the Bay of Bengal during 23 May- 28 May, 2021",4,2021-05-24 12:00:00,2021-05-24,1200,17.1,89.3,3.0,986.0,45.0,10.0,CS
2021,3,YAAS,"Best track positions and other parameters of the Very Severe Cyclonic Storm, “YAAS” over the Bay of Bengal during 23 May- 28 May, 2021",4,2021-05-24 15:00:00,2021-05-24,1500,17.4,89.2,3.0,986.0,45.0,10.0,CS
2021,3,YAAS,"Best track positions and other parameters of the Very Severe Cyclonic Storm, “YAAS” over the Bay of Bengal during 23 May- 28 May, 2021",4,2021-05-24 18:00:00,2021-05-24,1800,17.6,89.0,3.0,984.0,50.0,12.0,SCS
2021,3,YAAS,"Best track positions and other parameters of the Very Severe Cyclonic Storm, “YAAS” over the Bay of Bengal during 23 May- 28 May, 2021",4,2021-05-24 21:00:00,2021-05-24,2100,17.8,88.9,3.5,982.0,55.0,14.0,SCS
2021,3,YAAS,"Best track positions and other parameters of the Very Severe Cyclonic Storm, “YAAS” over the Bay of Bengal during 23 May- 28 May, 2021",4,2021-05-25 00:00:00,2021-05-25,0000,18.0,88.6,3.5,980.0,55.0,16.0,SCS
2021,3,YAAS,"Best track positions and other parameters of the Very Severe Cyclonic Storm, “YAAS” over the Bay of Bengal during 23 May- 28 May, 2021",4,2021-05-25 03:00:00,2021-05-25,0300,18.3,88.3,3.5,980.0,55.0,16.0,SCS
2021,3,YAAS,"Best track positions and other parameters of the Very Severe Cyclonic Storm, “YAAS” over the Bay of Bengal during 23 May- 28 May, 2021",4,2021-05-25 06:00:00,2021-05-25,0600,18.7,88.0,3.5,978.0,60.0,18.0,SCS
2021,3,YAAS,"Best track positions and other parameters of the Very Severe Cyclonic Storm, “YAAS” over the Bay of Bengal during 23 May- 28 May, 2021",4,2021-05-25 09:00:00,2021-05-25,0900,19.1,88.1,3.5,978.0,60.0,18.0,SCS
2021,3,YAAS,"Best track positions and other parameters of the Very Severe Cyclonic Storm, “YAAS” over the Bay of Bengal during 23 May- 28 May, 2021",4,2021-05-25 12:00:00,2021-05-25,1200,19.5,88.0,4.0,976.0,65.0,20.0,VSCS
2021,3,YAAS,"Best track positions and other parameters of the Very Severe Cyclonic Storm, “YAAS” over the Bay of Bengal during 23 May- 28 May, 2021",4,2021-05-25 15:00:00,2021-05-25,1500,19.8,87.9,4.0,976.0,65.0,20.0,VSCS
2021,3,YAAS,"Best track positions and other parameters of the Very Severe Cyclonic Storm, “YAAS” over the Bay of Bengal during 23 May- 28 May, 2021",4,2021-05-25 18:00:00,2021-05-25,1800,20.1,87.8,4.0,974.0,70.0,24.0,VSCS
2021,3,YAAS,"Best track positions and other parameters of the Very Severe Cyclonic Storm, “YAAS” over the Bay of Bengal during 23 May- 28 May, 2021",4,2021-05-25 21:00:00,2021-05-25,2100,20.4,87.6,4.0,970.0,75.0,28.0,VSCS
2021,3,YAAS,"Best track positions and other parameters of the Very Severe Cyclonic Storm, “YAAS” over the Bay of Bengal during 23 May- 28 May, 2021",4,2021-05-26 00:00:00,2021-05-26,0000,20.8,87.3,4.0,970.0,75.0,28.0,VSCS
2021,3,YAAS,"Best track positions and other parameters of the Very Severe Cyclonic Storm, “YAAS” over the Bay of Bengal during 23 May- 28 May, 2021",4,2021-05-26 00:00:00,2021-05-26,0000,21.4,86.9,,970.0,75.0,28.0,VSCS
2021,3,YAAS,"Best track positions and other parameters of the Very Severe Cyclonic Storm, “YAAS” over the Bay of Bengal during 23 May- 28 May, 2021",4,2021-05-26 00:00:00,2021-05-26,0000,21.6,86.7,,978.0,55.0,16.0,SCS
2021,3,YAAS,"Best track positions and other parameters of the Very Severe Cyclonic Storm, “YAAS” over the Bay of Bengal during 23 May- 28 May, 2021",4,2021-05-26 00:00:00,2021-05-26,0000,21.8,86.6,,984.0,45.0,10.0,CS
2021,3,YAAS,"Best track positions and other parameters of the Very Severe Cyclonic Storm, “YAAS” over the Bay of Bengal during 23 May- 28 May, 2021",4,2021-05-26 00:00:00,2021-05-26,0000,22.2,86.2,,986.0,40.0,8.0,CS
2021,3,YAAS,"Best track positions and other parameters of the Very Severe Cyclonic Storm, “YAAS” over the Bay of Bengal during 23 May- 28 May, 2021",4,2021-05-26 00:00:00,2021-05-26,0000,22.5,86.0,,988.0,30.0,6.0,DD
2021,3,YAAS,"Best track positions and other parameters of the Very Severe Cyclonic Storm, “YAAS” over the Bay of Bengal during 23 May- 28 May, 2021",4,2021-05-26 03:00:00,2021-05-26,0300,21.2,87.1,4.0,970.0,75.0,28.0,VSCS
2021,3,YAAS,"Best track positions and other parameters of the Very Severe Cyclonic Storm, “YAAS” over the Bay of Bengal during 23 May- 28 May, 2021",4,2021-05-27 00:00:00,2021-05-27,0000,22.8,85.8,,988.0,30.0,6.0,DD
2021,3,YAAS,"Best track positions and other parameters of the Very Severe Cyclonic Storm, “YAAS” over the Bay of Bengal during 23 May- 28 May, 2021",4,2021-05-27 00:00:00,2021-05-27,0000,23.1,85.7,,990.0,30.0,6.0,DD
2021,3,YAAS,"Best track positions and other parameters of the Very Severe Cyclonic Storm, “YAAS” over the Bay of Bengal during 23 May- 28 May, 2021",4,2021-05-27 00:00:00,2021-05-27,0000,23.5,85.6,,991.0,25.0,5.0,D
2021,3,YAAS,"Best track positions and other parameters of the Very Severe Cyclonic Storm, “YAAS” over the Bay of Bengal during 23 May- 28 May, 2021",4,2021-05-27 00:00:00,2021-05-27,0000,24.3,85.3,,992.0,25.0,4.0,D
2021,4,DEEP DEPRESSION,"Best track positions and other parameters of the Deep Depression over the Northwest Bay of Bengal and adjoining Odisha coast during 12 Sept- 15 Sept, 2021",5,2021-09-12 12:00:00,2021-09-12,1200,20.3,87.4,1.5,992.0,25.0,4.0,D
2021,4,DEEP DEPRESSION,"Best track positions and other parameters of the Deep Depression over the Northwest Bay of Bengal and adjoining Odisha coast during 12 Sept- 15 Sept, 2021",5,2021-09-12 18:00:00,2021-09-12,1800,20.4,87.1,1.5,992.0,25.0,4.0,D
2021,4,DEEP DEPRESSION,"Best track positions and other parameters of the Deep Depression over the Northwest Bay of Bengal and adjoining Odisha coast during 12 Sept- 15 Sept, 2021",5,2021-09-13 00:00:00,2021-09-13,0000,20.6,87.0,2.0,990.0,30.0,4.0,DD
2021,4,DEEP DEPRESSION,"Best track positions and other parameters of the Deep Depression over the Northwest Bay of Bengal and adjoining Odisha coast during 12 Sept- 15 Sept, 2021",5,2021-09-13 00:00:00,2021-09-13,0000,21.1,86.2,,990.0,30.0,6.0,DD
2021,4,DEEP DEPRESSION,"Best track positions and other parameters of the Deep Depression over the Northwest Bay of Bengal and adjoining Odisha coast during 12 Sept- 15 Sept, 2021",5,2021-09-13 00:00:00,2021-09-13,0000,21.4,85.5,,990.0,30.0,6.0,DD
2021,4,DEEP DEPRESSION,"Best track positions and other parameters of the Deep Depression over the Northwest Bay of Bengal and adjoining Odisha coast during 12 Sept- 15 Sept, 2021",5,2021-09-13 00:00:00,2021-09-13,0000,21.6,84.8,,990.0,30.0,6.0,DD
2021,4,DEEP DEPRESSION,"Best track positions and other parameters of the Deep Depression over the Northwest Bay of Bengal and adjoining Odisha coast during 12 Sept- 15 Sept, 2021",5,2021-09-13 03:00:00,2021-09-13,0300,20.9,86.5,2.0,990.0,30.0,6.0,DD
2021,4,DEEP DEPRESSION,"Best track positions and other parameters of the Deep Depression over the Northwest Bay of Bengal and adjoining Odisha coast during 12 Sept- 15 Sept, 2021",5,2021-09-14 00:00:00,2021-09-14,0000,22.0,83.6,,990.0,30.0,6.0,DD
2021,4,DEEP DEPRESSION,"Best track positions and other parameters of the Deep Depression over the Northwest Bay of Bengal and adjoining Odisha coast during 12 Sept- 15 Sept, 2021",5,2021-09-14 00:00:00,2021-09-14,0000,22.1,83.4,,990.0,25.0,5.0,D
2021,4,DEEP DEPRESSION,"Best track positions and other parameters of the Deep Depression over the Northwest Bay of Bengal and adjoining Odisha coast during 12 Sept- 15 Sept, 2021",5,2021-09-14 00:00:00,2021-09-14,0000,22.4,83.0,,990.0,25.0,5.0,D
2021,4,DEEP DEPRESSION,"Best track positions and other parameters of the Deep Depression over the Northwest Bay of Bengal and adjoining Odisha coast during 12 Sept- 15 Sept, 2021",5,2021-09-14 00:00:00,2021-09-14,0000,22.7,82.5,,996.0,25.0,4.0,D
2021,5,GULAB,"Best track positions and other parameters of the Cyclonic Storm GULAB over the Northwest Bay of Bengal and adjoining Odisha coast during 24 Sept- 28 Sept, 2021",6,2021-09-24 12:00:00,2021-09-24,1200,18.3,91.2,1.5,1000.0,25.0,4.0,D
2021,5,GULAB,"Best track positions and other parameters of the Cyclonic Storm GULAB over the Northwest Bay of Bengal and adjoining Odisha coast during 24 Sept- 28 Sept, 2021",6,2021-09-24 18:00:00,2021-09-24,1800,18.4,90.4,1.5,1000.0,25.0,4.0,D
2021,5,GULAB,"Best track positions and other parameters of the Cyclonic Storm GULAB over the Northwest Bay of Bengal and adjoining Odisha coast during 24 Sept- 28 Sept, 2021",6,2021-09-25 00:00:00,2021-09-25,0000,18.4,89.7,2.0,999.0,30.0,5.0,DD
2021,5,GULAB,"Best track positions and other parameters of the Cyclonic Storm GULAB over the Northwest Bay of Bengal and adjoining Odisha coast during 24 Sept- 28 Sept, 2021",6,2021-09-25 03:00:00,2021-09-25,0300,18.4,89.3,2.0,998.0,30.0,6.0,DD
2021,5,GULAB,"Best track positions and other parameters of the Cyclonic Storm GULAB over the Northwest Bay of Bengal and adjoining Odisha coast during 24 Sept- 28 Sept, 2021",6,2021-09-25 06:00:00,2021-09-25,0600,18.4,88.7,2.0,998.0,30.0,6.0,DD
2021,5,GULAB,"Best track positions and other parameters of the Cyclonic Storm GULAB over the Northwest Bay of Bengal and adjoining Odisha coast during 24 Sept- 28 Sept, 2021",6,2021-09-25 12:00:00,2021-09-25,1200,18.3,88.3,2.5,997.0,35.0,7.0,CS
2021,5,GULAB,"Best track positions and other parameters of the Cyclonic Storm GULAB over the Northwest Bay of Bengal and adjoining Odisha coast during 24 Sept- 28 Sept, 2021",6,2021-09-25 15:00:00,2021-09-25,1500,18.3,88.1,2.5,997.0,35.0,7.0,CS
2021,5,GULAB,"Best track positions and other parameters of the Cyclonic Storm GULAB over the Northwest Bay of Bengal and adjoining Odisha coast during 24 Sept- 28 Sept, 2021",6,2021-09-25 18:00:00,2021-09-25,1800,18.3,87.9,2.5,996.0,35.0,7.0,CS
2021,5,GULAB,"Best track positions and other parameters of the Cyclonic Storm GULAB over the Northwest Bay of Bengal and adjoining Odisha coast during 24 Sept- 28 Sept, 2021",6,2021-09-25 21:00:00,2021-09-25,2100,18.3,87.6,2.5,996.0,35.0,7.0,CS
2021,5,GULAB,"Best track positions and other parameters of the Cyclonic Storm GULAB over the Northwest Bay of Bengal and adjoining Odisha coast during 24 Sept- 28 Sept, 2021",6,2021-09-26 00:00:00,2021-09-26,0000,18.3,87.3,2.5,994.0,40.0,8.0,CS
2021,5,GULAB,"Best track positions and other parameters of the Cyclonic Storm GULAB over the Northwest Bay of Bengal and adjoining Odisha coast during 24 Sept- 28 Sept, 2021",6,2021-09-26 00:00:00,2021-09-26,0000,18.3,83.8,,992.0,45.0,10.0,CS
2021,5,GULAB,"Best track positions and other parameters of the Cyclonic Storm GULAB over the Northwest Bay of Bengal and adjoining Odisha coast during 24 Sept- 28 Sept, 2021",6,2021-09-26 00:00:00,2021-09-26,0000,18.4,83.4,,994.0,35.0,7.0,CS
2021,5,GULAB,"Best track positions and other parameters of the Cyclonic Storm GULAB over the Northwest Bay of Bengal and adjoining Odisha coast during 24 Sept- 28 Sept, 2021",6,2021-09-26 00:00:00,2021-09-26,0000,18.4,83.0,,996.0,30.0,6.0,DD
2021,5,GULAB,"Best track positions and other parameters of the Cyclonic Storm GULAB over the Northwest Bay of Bengal and adjoining Odisha coast during 24 Sept- 28 Sept, 2021",6,2021-09-26 03:00:00,2021-09-26,0300,18.4,86.4,2.5,994.0,40.0,8.0,CS
2021,5,GULAB,"Best track positions and other parameters of the Cyclonic Storm GULAB over the Northwest Bay of Bengal and adjoining Odisha coast during 24 Sept- 28 Sept, 2021",6,2021-09-26 06:00:00,2021-09-26,0600,18.4,85.9,3.0,992.0,45.0,10.0,CS
2021,5,GULAB,"Best track positions and other parameters of the Cyclonic Storm GULAB over the Northwest Bay of Bengal and adjoining Odisha coast during 24 Sept- 28 Sept, 2021",6,2021-09-26 09:00:00,2021-09-26,0900,18.4,85.3,3.0,992.0,45.0,10.0,CS
2021,5,GULAB,"Best track positions and other parameters of the Cyclonic Storm GULAB over the Northwest Bay of Bengal and adjoining Odisha coast during 24 Sept- 28 Sept, 2021",6,2021-09-26 12:00:00,2021-09-26,1200,18.4,84.6,3.0,992.0,45.0,10.0,CS
2021,5,GULAB,"Best track positions and other parameters of the Cyclonic Storm GULAB over the Northwest Bay of Bengal and adjoining Odisha coast during 24 Sept- 28 Sept, 2021",6,2021-09-27 00:00:00,2021-09-27,0000,18.4,82.8,,996.0,30.0,6.0,DD
2021,5,GULAB,"Best track positions and other parameters of the Cyclonic Storm GULAB over the Northwest Bay of Bengal and adjoining Odisha coast during 24 Sept- 28 Sept, 2021",6,2021-09-27 00:00:00,2021-09-27,0000,18.4,82.5,,996.0,30.0,6.0,DD
2021,5,GULAB,"Best track positions and other parameters of the Cyclonic Storm GULAB over the Northwest Bay of Bengal and adjoining Odisha coast during 24 Sept- 28 Sept, 2021",6,2021-09-27 00:00:00,2021-09-27,0000,18.5,82.0,,996.0,30.0,6.0,DD
2021,5,GULAB,"Best track positions and other parameters of the Cyclonic Storm GULAB over the Northwest Bay of Bengal and adjoining Odisha coast during 24 Sept- 28 Sept, 2021",6,2021-09-27 00:00:00,2021-09-27,0000,18.6,80.1,,998.0,25.0,4.0,D
2021,5,GULAB,"Best track positions and other parameters of the Cyclonic Storm GULAB over the Northwest Bay of Bengal and adjoining Odisha coast during 24 Sept- 28 Sept, 2021",6,2021-09-27 00:00:00,2021-09-27,0000,18.7,79.4,,998.0,25.0,4.0,D
2021,5,GULAB,"Best track positions and other parameters of the Cyclonic Storm GULAB over the Northwest Bay of Bengal and adjoining Odisha coast during 24 Sept- 28 Sept, 2021",6,2021-09-28 00:00:00,2021-09-28,0000,19.0,78.2,,998.0,25.0,4.0,D
2021,5,GULAB,"Best track positions and other parameters of the Cyclonic Storm GULAB over the Northwest Bay of Bengal and adjoining Odisha coast during 24 Sept- 28 Sept, 2021",6,2021-09-28 00:00:00,2021-09-28,0000,19.4,77.3,,999.0,20.0,3.0,D
2021,6,SHAHEEN,"Best track positions and other parameters of the Severe Cyclonic Storm SHAHEEN over Arabian Sea during 30 Sept- 4 Oct, 2021",7,2021-09-30 00:00:00,2021-09-30,0000,22.7,69.5,1.5,998.0,25.0,4.0,D
2021,6,SHAHEEN,"Best track positions and other parameters of the Severe Cyclonic Storm SHAHEEN over Arabian Sea during 30 Sept- 4 Oct, 2021",7,2021-09-30 03:00:00,2021-09-30,0300,22.7,68.6,1.5,998.0,25.0,4.0,D
2021,6,SHAHEEN,"Best track positions and other parameters of the Severe Cyclonic Storm SHAHEEN over Arabian Sea during 30 Sept- 4 Oct, 2021",7,2021-09-30 06:00:00,2021-09-30,0600,22.8,68.2,1.5,998.0,25.0,4.0,D
2021,6,SHAHEEN,"Best track positions and other parameters of the Severe Cyclonic Storm SHAHEEN over Arabian Sea during 30 Sept- 4 Oct, 2021",7,2021-09-30 12:00:00,2021-09-30,1200,23.1,67.4,1.5,998.0,25.0,4.0,D
2021,6,SHAHEEN,"Best track positions and other parameters of the Severe Cyclonic Storm SHAHEEN over Arabian Sea during 30 Sept- 4 Oct, 2021",7,2021-09-30 18:00:00,2021-09-30,1800,23.1,66.8,2.0,996.0,30.0,6.0,DD
2021,6,SHAHEEN,"Best track positions and other parameters of the Severe Cyclonic Storm SHAHEEN over Arabian Sea during 30 Sept- 4 Oct, 2021",7,2021-10-01 00:00:00,2021-10-01,0000,23.2,65.5,2.5,995.0,35.0,7.0,CS
2021,6,SHAHEEN,"Best track positions and other parameters of the Severe Cyclonic Storm SHAHEEN over Arabian Sea during 30 Sept- 4 Oct, 2021",7,2021-10-01 03:00:00,2021-10-01,0300,23.2,64.9,2.5,994.0,40.0,8.0,CS
2021,6,SHAHEEN,"Best track positions and other parameters of the Severe Cyclonic Storm SHAHEEN over Arabian Sea during 30 Sept- 4 Oct, 2021",7,2021-10-01 06:00:00,2021-10-01,0600,23.2,64.5,3.0,992.0,45.0,10.0,CS
2021,6,SHAHEEN,"Best track positions and other parameters of the Severe Cyclonic Storm SHAHEEN over Arabian Sea during 30 Sept- 4 Oct, 2021",7,2021-10-01 09:00:00,2021-10-01,0900,23.3,64.1,3.0,991.0,45.0,11.0,CS
2021,6,SHAHEEN,"Best track positions and other parameters of the Severe Cyclonic Storm SHAHEEN over Arabian Sea during 30 Sept- 4 Oct, 2021",7,2021-10-01 12:00:00,2021-10-01,1200,23.4,63.7,3.5,987.0,55.0,15.0,SCS
2021,6,SHAHEEN,"Best track positions and other parameters of the Severe Cyclonic Storm SHAHEEN over Arabian Sea during 30 Sept- 4 Oct, 2021",7,2021-10-01 15:00:00,2021-10-01,1500,23.6,63.4,3.5,986.0,55.0,16.0,SCS
2021,6,SHAHEEN,"Best track positions and other parameters of the Severe Cyclonic Storm SHAHEEN over Arabian Sea during 30 Sept- 4 Oct, 2021",7,2021-10-01 18:00:00,2021-10-01,1800,23.6,63.2,3.5,984.0,60.0,18.0,SCS
2021,6,SHAHEEN,"Best track positions and other parameters of the Severe Cyclonic Storm SHAHEEN over Arabian Sea during 30 Sept- 4 Oct, 2021",7,2021-10-01 21:00:00,2021-10-01,2100,23.8,62.8,3.5,984.0,60.0,18.0,SCS
2021,6,SHAHEEN,"Best track positions and other parameters of the Severe Cyclonic Storm SHAHEEN over Arabian Sea during 30 Sept- 4 Oct, 2021",7,2021-10-02 00:00:00,2021-10-02,0000,23.8,62.4,3.5,984.0,60.0,18.0,SCS
2021,6,SHAHEEN,"Best track positions and other parameters of the Severe Cyclonic Storm SHAHEEN over Arabian Sea during 30 Sept- 4 Oct, 2021",7,2021-10-02 03:00:00,2021-10-02,0300,23.9,62.1,3.5,984.0,60.0,18.0,SCS
2021,6,SHAHEEN,"Best track positions and other parameters of the Severe Cyclonic Storm SHAHEEN over Arabian Sea during 30 Sept- 4 Oct, 2021",7,2021-10-02 06:00:00,2021-10-02,0600,24.1,61.8,3.5,984.0,60.0,18.0,SCS
2021,6,SHAHEEN,"Best track positions and other parameters of the Severe Cyclonic Storm SHAHEEN over Arabian Sea during 30 Sept- 4 Oct, 2021",7,2021-10-02 06:00:00,2021-10-02,0600,24.4,60.0,3.5,984.0,60.0,18.0,SCS
2021,6,SHAHEEN,"Best track positions and other parameters of the Severe Cyclonic Storm SHAHEEN over Arabian Sea during 30 Sept- 4 Oct, 2021",7,2021-10-02 09:00:00,2021-10-02,0900,24.3,61.3,3.5,984.0,60.0,18.0,SCS
2021,6,SHAHEEN,"Best track positions and other parameters of the Severe Cyclonic Storm SHAHEEN over Arabian Sea during 30 Sept- 4 Oct, 2021",7,2021-10-02 12:00:00,2021-10-02,1200,24.5,60.7,3.5,984.0,60.0,18.0,SCS
2021,6,SHAHEEN,"Best track positions and other parameters of the Severe Cyclonic Storm SHAHEEN over Arabian Sea during 30 Sept- 4 Oct, 2021",7,2021-10-02 15:00:00,2021-10-02,1500,24.5,60.4,3.5,984.0,60.0,18.0,SCS
2021,6,SHAHEEN,"Best track positions and other parameters of the Severe Cyclonic Storm SHAHEEN over Arabian Sea during 30 Sept- 4 Oct, 2021",7,2021-10-02 21:00:00,2021-10-02,2100,24.4,59.7,3.5,984.0,60.0,18.0,SCS
2021,6,SHAHEEN,"Best track positions and other parameters of the Severe Cyclonic Storm SHAHEEN over Arabian Sea during 30 Sept- 4 Oct, 2021",7,2021-10-03 00:00:00,2021-10-03,0000,24.3,59.5,3.5,984.0,60.0,18.0,SCS
2021,6,SHAHEEN,"Best track positions and other parameters of the Severe Cyclonic Storm SHAHEEN over Arabian Sea during 30 Sept- 4 Oct, 2021",7,2021-10-03 00:00:00,2021-10-03,0000,23.8,57.2,,988.0,55.0,14.0,SCS
2021,6,SHAHEEN,"Best track positions and other parameters of the Severe Cyclonic Storm SHAHEEN over Arabian Sea during 30 Sept- 4 Oct, 2021",7,2021-10-03 03:00:00,2021-10-03,0300,24.2,59.0,3.5,984.0,60.0,18.0,SCS
2021,6,SHAHEEN,"Best track positions and other parameters of the Severe Cyclonic Storm SHAHEEN over Arabian Sea during 30 Sept- 4 Oct, 2021",7,2021-10-03 06:00:00,2021-10-03,0600,24.1,58.6,3.5,984.0,60.0,18.0,SCS
2021,6,SHAHEEN,"Best track positions and other parameters of the Severe Cyclonic Storm SHAHEEN over Arabian Sea during 30 Sept- 4 Oct, 2021",7,2021-10-03 09:00:00,2021-10-03,0900,24.1,58.3,3.5,984.0,60.0,18.0,SCS
2021,6,SHAHEEN,"Best track positions and other parameters of the Severe Cyclonic Storm SHAHEEN over Arabian Sea during 30 Sept- 4 Oct, 2021",7,2021-10-03 12:00:00,2021-10-03,1200,24.0,58.0,3.5,984.0,60.0,18.0,SCS
2021,6,SHAHEEN,"Best track positions and other parameters of the Severe Cyclonic Storm SHAHEEN over Arabian Sea during 30 Sept- 4 Oct, 2021",7,2021-10-03 15:00:00,2021-10-03,1500,24.0,57.7,3.5,984.0,60.0,18.0,SCS
2021,6,SHAHEEN,"Best track positions and other parameters of the Severe Cyclonic Storm SHAHEEN over Arabian Sea during 30 Sept- 4 Oct, 2021",7,2021-10-03 18:00:00,2021-10-03,1800,23.9,57.3,3.5,986.0,55.0,16.0,SCS
2021,6,SHAHEEN,"Best track positions and other parameters of the Severe Cyclonic Storm SHAHEEN over Arabian Sea during 30 Sept- 4 Oct, 2021",7,2021-10-04 00:00:00,2021-10-04,0000,23.7,56.8,,994.0,40.0,8.0,CS
2021,6,SHAHEEN,"Best track positions and other parameters of the Severe Cyclonic Storm SHAHEEN over Arabian Sea during 30 Sept- 4 Oct, 2021",7,2021-10-04 00:00:00,2021-10-04,0000,23.5,56.4,,998.0,30.0,5.0,DD
2021,6,SHAHEEN,"Best track positions and other parameters of the Severe Cyclonic Storm SHAHEEN over Arabian Sea during 30 Sept- 4 Oct, 2021",7,2021-10-04 00:00:00,2021-10-04,0000,23.3,56.0,,1000.0,20.0,3.0,D
2021,7,DEPRESSION,"Best track positions and other parameters of the Depression over Arabian Sea during 07 Nov- 09 Nov, 2021",8,2021-10-07 03:00:00,2021-10-07,0300,14.0,67.5,1.5,1002.0,25.0,4.0,D
2021,7,DEPRESSION,"Best track positions and other parameters of the Depression over Arabian Sea during 07 Nov- 09 Nov, 2021",8,2021-10-07 06:00:00,2021-10-07,0600,14.2,67.2,1.5,1002.0,25.0,4.0,D
2021,7,DEPRESSION,"Best track positions and other parameters of the Depression over Arabian Sea during 07 Nov- 09 Nov, 2021",8,2021-10-07 12:00:00,2021-10-07,1200,14.3,67.0,1.5,1002.0,25.0,4.0,D
2021,7,DEPRESSION,"Best track positions and other parameters of the Depression over Arabian Sea during 07 Nov- 09 Nov, 2021",8,2021-10-07 18:00:00,2021-10-07,1800,14.5,66.8,1.5,1002.0,25.0,4.0,D
2021,7,DEPRESSION,"Best track positions and other parameters of the Depression over Arabian Sea during 07 Nov- 09 Nov, 2021",8,2021-10-08 00:00:00,2021-10-08,0000,14.6,66.6,1.5,1002.0,25.0,4.0,D
2021,7,DEPRESSION,"Best track positions and other parameters of the Depression over Arabian Sea during 07 Nov- 09 Nov, 2021",8,2021-10-08 03:00:00,2021-10-08,0300,14.7,66.4,1.5,1002.0,25.0,4.0,D
2021,7,DEPRESSION,"Best track positions and other parameters of the Depression over Arabian Sea during 07 Nov- 09 Nov, 2021",8,2021-10-08 06:00:00,2021-10-08,0600,14.7,66.2,1.5,1002.0,25.0,4.0,D
2021,7,DEPRESSION,"Best track positions and other parameters of the Depression over Arabian Sea during 07 Nov- 09 Nov, 2021",8,2021-10-08 12:00:00,2021-10-08,1200,14.6,65.9,1.5,1003.0,25.0,3.0,D
2021,7,DEPRESSION,"Best track positions and other parameters of the Depression over Arabian Sea during 07 Nov- 09 Nov, 2021",8,2021-10-08 18:00:00,2021-10-08,1800,14.5,65.8,1.5,1003.0,25.0,3.0,D
2021,8,DEPRESSION,"Best track positions and other parameters of the Depression over Bay of Bengal during 10 Nov- 12 Nov, 2021",8,2021-11-10 12:00:00,2021-11-10,1200,10.6,83.4,1.5,1000.0,25.0,4.0,D
2021,8,DEPRESSION,"Best track positions and other parameters of the Depression over Bay of Bengal during 10 Nov- 12 Nov, 2021",8,2021-11-10 18:00:00,2021-11-10,1800,11.3,82.3,1.5,1000.0,25.0,4.0,D
2021,8,DEPRESSION,"Best track positions and other parameters of the Depression over Bay of Bengal during 10 Nov- 12 Nov, 2021",8,2021-11-11 00:00:00,2021-11-11,0000,12.0,81.5,1.5,1000.0,25.0,4.0,D
2021,8,DEPRESSION,"Best track positions and other parameters of the Depression over Bay of Bengal during 10 Nov- 12 Nov, 2021",8,2021-11-11 03:00:00,2021-11-11,0300,12.3,81.2,1.5,1000.0,25.0,4.0,D
2021,8,DEPRESSION,"Best track positions and other parameters of the Depression over Bay of Bengal during 10 Nov- 12 Nov, 2021",8,2021-11-11 06:00:00,2021-11-11,0600,12.6,80.8,1.5,1000.0,25.0,4.0,D
2021,8,DEPRESSION,"Best track positions and other parameters of the Depression over Bay of Bengal during 10 Nov- 12 Nov, 2021",8,2021-11-11 12:00:00,2021-11-11,1200,12.9,80.3,1.5,1000.0,25.0,4.0,D
2021,8,DEPRESSION,"Best track positions and other parameters of the Depression over Bay of Bengal during 10 Nov- 12 Nov, 2021",8,2021-11-11 18:00:00,2021-11-11,1800,13.1,79.8,1.5,1000.0,20.0,3.0,D
2021,9,DEPRESSION,"Best track positions and other parameters of the Depression over southwest Bay of Bengal during 18 Nov- 19 Nov, 2021",9,2021-11-18 00:00:00,2021-11-18,0000,12.5,80.0,,1000.0,25.0,4.0,D
2021,9,DEPRESSION,"Best track positions and other parameters of the Depression over southwest Bay of Bengal during 18 Nov- 19 Nov, 2021",9,2021-11-18 00:00:00,2021-11-18,0000,12.7,79.7,,1002.0,20.0,3.0,D
2021,9,DEPRESSION,"Best track positions and other parameters of the Depression over southwest Bay of Bengal during 18 Nov- 19 Nov, 2021",9,2021-11-18 03:00:00,2021-11-18,0300,11.0,82.3,1.5,1000.0,25.0,4.0,D
2021,9,DEPRESSION,"Best track positions and other parameters of the Depression over southwest Bay of Bengal during 18 Nov- 19 Nov, 2021",9,2021-11-18 06:00:00,2021-11-18,0600,11.2,81.7,1.5,1000.0,25.0,4.0,D
2021,9,DEPRESSION,"Best track positions and other parameters of the Depression over southwest Bay of Bengal during 18 Nov- 19 Nov, 2021",9,2021-11-18 12:00:00,2021-11-18,1200,11.8,80.9,1.5,1000.0,25.0,4.0,D
2021,9,DEPRESSION,"Best track positions and other parameters of the Depression over southwest Bay of Bengal during 18 Nov- 19 Nov, 2021",9,2021-11-18 18:00:00,2021-11-18,1800,12.2,80.5,1.5,1000.0,25.0,4.0,D
2021,10,JAWAD,"Best track positions and other parameters of the Cyclonic Storm, “JAWAD” over the Bay of Bengal during 02 - 06 December, 2021",9,2021-12-02 12:00:00,2021-12-02,1200,11.0,89.0,1.5,1004.0,25.0,4.0,D
2021,10,JAWAD,"Best track positions and other parameters of the Cyclonic Storm, “JAWAD” over the Bay of Bengal during 02 - 06 December, 2021",9,2021-12-02 18:00:00,2021-12-02,1800,12.0,87.5,1.5,1004.0,25.0,4.0,D
2021,10,JAWAD,"Best track positions and other parameters of the Cyclonic Storm, “JAWAD” over the Bay of Bengal during 02 - 06 December, 2021",9,2021-12-03 00:00:00,2021-12-03,0000,13.4,86.4,2.0,1002.0,30.0,5.0,DD
2021,10,JAWAD,"Best track positions and other parameters of the Cyclonic Storm, “JAWAD” over the Bay of Bengal during 02 - 06 December, 2021",9,2021-12-03 03:00:00,2021-12-03,0300,14.0,86.0,2.0,1002.0,30.0,6.0,DD
2021,10,JAWAD,"Best track positions and other parameters of the Cyclonic Storm, “JAWAD” over the Bay of Bengal during 02 - 06 December, 2021",9,2021-12-03 06:00:00,2021-12-03,0600,14.5,85.6,2.5,1001.0,35.0,7.0,CS
2021,10,JAWAD,"Best track positions and other parameters of the Cyclonic Storm, “JAWAD” over the Bay of Bengal during 02 - 06 December, 2021",9,2021-12-03 09:00:00,2021-12-03,0900,15.0,85.3,2.5,1001.0,35.0,7.0,CS
2021,10,JAWAD,"Best track positions and other parameters of the Cyclonic Storm, “JAWAD” over the Bay of Bengal during 02 - 06 December, 2021",9,2021-12-03 12:00:00,2021-12-03,1200,15.5,85.0,2.5,1000.0,40.0,8.0,CS
2021,10,JAWAD,"Best track positions and other parameters of the Cyclonic Storm, “JAWAD” over the Bay of Bengal during 02 - 06 December, 2021",9,2021-12-03 15:00:00,2021-12-03,1500,15.7,85.0,2.5,1000.0,40.0,8.0,CS
2021,10,JAWAD,"Best track positions and other parameters of the Cyclonic Storm, “JAWAD” over the Bay of Bengal during 02 - 06 December, 2021",9,2021-12-03 18:00:00,2021-12-03,1800,15.9,84.8,2.5,1000.0,40.0,8.0,CS
2021,10,JAWAD,"Best track positions and other parameters of the Cyclonic Storm, “JAWAD” over the Bay of Bengal during 02 - 06 December, 2021",9,2021-12-03 21:00:00,2021-12-03,2100,16.0,84.9,2.5,1000.0,40.0,8.0,CS
2021,10,JAWAD,"Best track positions and other parameters of the Cyclonic Storm, “JAWAD” over the Bay of Bengal during 02 - 06 December, 2021",9,2021-12-04 00:00:00,2021-12-04,0000,16.2,84.7,2.5,1000.0,40.0,8.0,CS
2021,10,JAWAD,"Best track positions and other parameters of the Cyclonic Storm, “JAWAD” over the Bay of Bengal during 02 - 06 December, 2021",9,2021-12-04 03:00:00,2021-12-04,0300,16.3,84.7,2.5,1000.0,40.0,8.0,CS
2021,10,JAWAD,"Best track positions and other parameters of the Cyclonic Storm, “JAWAD” over the Bay of Bengal during 02 - 06 December, 2021",9,2021-12-04 06:00:00,2021-12-04,0600,16.4,84.7,2.5,1001.0,35.0,7.0,CS
2021,10,JAWAD,"Best track positions and other parameters of the Cyclonic Storm, “JAWAD” over the Bay of Bengal during 02 - 06 December, 2021",9,2021-12-04 09:00:00,2021-12-04,0900,16.5,84.7,2.5,1001.0,35.0,7.0,CS
2021,10,JAWAD,"Best track positions and other parameters of the Cyclonic Storm, “JAWAD” over the Bay of Bengal during 02 - 06 December, 2021",9,2021-12-04 12:00:00,2021-12-04,1200,16.9,84.8,2.0,1002.0,30.0,6.0,DD
2021,10,JAWAD,"Best track positions and other parameters of the Cyclonic Storm, “JAWAD” over the Bay of Bengal during 02 - 06 December, 2021",9,2021-12-04 18:00:00,2021-12-04,1800,17.5,85.0,2.0,1002.0,30.0,6.0,DD
2021,10,JAWAD,"Best track positions and other parameters of the Cyclonic Storm, “JAWAD” over the Bay of Bengal during 02 - 06 December, 2021",9,2021-12-05 00:00:00,2021-12-05,0000,17.9,85.5,2.0,1002.0,30.0,6.0,DD
2021,10,JAWAD,"Best track positions and other parameters of the Cyclonic Storm, “JAWAD” over the Bay of Bengal during 02 - 06 December, 2021",9,2021-12-05 03:00:00,2021-12-05,0300,18.7,85.7,2.0,1003.0,30.0,5.0,DD
2021,10,JAWAD,"Best track positions and other parameters of the Cyclonic Storm, “JAWAD” over the Bay of Bengal during 02 - 06 December, 2021",9,2021-12-05 06:00:00,2021-12-05,0600,19.1,85.9,2.0,1003.0,30.0,5.0,DD
2021,10,JAWAD,"Best track positions and other parameters of the Cyclonic Storm, “JAWAD” over the Bay of Bengal during 02 - 06 December, 2021",9,2021-12-05 12:00:00,2021-12-05,1200,20.1,86.9,1.5,1004.0,25.0,4.0,D
2021,10,JAWAD,"Best track positions and other parameters of the Cyclonic Storm, “JAWAD” over the Bay of Bengal during 02 - 06 December, 2021",9,2021-12-05 18:00:00,2021-12-05,1800,20.6,87.3,1.5,1004.0,25.0,4.0,D
2022,1,DEEP DEPRESSION,"Best track positions and other parameters of the Deep Depression over the Bay of Bengal during 3rd -6th March, 2022",2,2022-03-03 00:00:00,2022-03-03,0000,5.3,84.0,1.5,1004.0,25.0,4.0,D
2022,1,DEEP DEPRESSION,"Best track positions and other parameters of the Deep Depression over the Bay of Bengal during 3rd -6th March, 2022",2,2022-03-03 03:00:00,2022-03-03,0300,5.6,83.7,1.5,1004.0,25.0,4.0,D
2022,1,DEEP DEPRESSION,"Best track positions and other parameters of the Deep Depression over the Bay of Bengal during 3rd -6th March, 2022",2,2022-03-03 06:00:00,2022-03-03,0600,6.1,83.4,1.5,1004.0,25.0,4.0,D
2022,1,DEEP DEPRESSION,"Best track positions and other parameters of the Deep Depression over the Bay of Bengal during 3rd -6th March, 2022",2,2022-03-03 12:00:00,2022-03-03,1200,7.1,83.3,1.5,1004.0,25.0,4.0,D
2022,1,DEEP DEPRESSION,"Best track positions and other parameters of the Deep Depression over the Bay of Bengal during 3rd -6th March, 2022",2,2022-03-03 18:00:00,2022-03-03,1800,7.8,83.1,1.5,1004.0,25.0,4.0,D
2022,1,DEEP DEPRESSION,"Best track positions and other parameters of the Deep Depression over the Bay of Bengal during 3rd -6th March, 2022",2,2022-03-04 00:00:00,2022-03-04,0000,8.5,83.0,1.5,1004.0,25.0,4.0,D
2022,1,DEEP DEPRESSION,"Best track positions and other parameters of the Deep Depression over the Bay of Bengal during 3rd -6th March, 2022",2,2022-03-04 03:00:00,2022-03-04,0300,8.9,82.9,1.5,1003.0,25.0,5.0,D
2022,1,DEEP DEPRESSION,"Best track positions and other parameters of the Deep Depression over the Bay of Bengal during 3rd -6th March, 2022",2,2022-03-04 06:00:00,2022-03-04,0600,9.2,82.8,1.5,1003.0,25.0,5.0,D
2022,1,DEEP DEPRESSION,"Best track positions and other parameters of the Deep Depression over the Bay of Bengal during 3rd -6th March, 2022",2,2022-03-04 12:00:00,2022-03-04,1200,10.0,82.7,2.0,1002.0,30.0,6.0,DD
2022,1,DEEP DEPRESSION,"Best track positions and other parameters of the Deep Depression over the Bay of Bengal during 3rd -6th March, 2022",2,2022-03-04 18:00:00,2022-03-04,1800,10.3,82.6,2.0,1002.0,30.0,6.0,DD
2022,1,DEEP DEPRESSION,"Best track positions and other parameters of the Deep Depression over the Bay of Bengal during 3rd -6th March, 2022",2,2022-03-05 00:00:00,2022-03-05,0000,11.0,82.6,2.0,1002.0,30.0,6.0,DD
2022,1,DEEP DEPRESSION,"Best track positions and other parameters of the Deep Depression over the Bay of Bengal during 3rd -6th March, 2022",2,2022-03-05 03:00:00,2022-03-05,0300,11.4,82.6,2.0,1002.0,30.0,6.0,DD
2022,1,DEEP DEPRESSION,"Best track positions and other parameters of the Deep Depression over the Bay of Bengal during 3rd -6th March, 2022",2,2022-03-05 06:00:00,2022-03-05,0600,11.6,82.6,2.0,1002.0,30.0,6.0,DD
2022,1,DEEP DEPRESSION,"Best track positions and other parameters of the Deep Depression over the Bay of Bengal during 3rd -6th March, 2022",2,2022-03-05 12:00:00,2022-03-05,1200,11.7,82.5,2.0,1002.0,30.0,6.0,DD
2022,1,DEEP DEPRESSION,"Best track positions and other parameters of the Deep Depression over the Bay of Bengal during 3rd -6th March, 2022",2,2022-03-05 18:00:00,2022-03-05,1800,11.5,82.4,1.5,1003.0,25.0,5.0,D
2022,1,DEEP DEPRESSION,"Best track positions and other parameters of the Deep Depression over the Bay of Bengal during 3rd -6th March, 2022",2,2022-03-06 00:00:00,2022-03-06,0000,11.2,82.2,1.5,1004.0,25.0,4.0,D
2022,2,DEEP DEPRESSION,"Best track positions and other parameters of the Deep Depression over the southeast Bay of Bengal during 20 March- 23 March, 2022",3,2022-03-20 00:00:00,2022-03-20,0000,9.8,92.5,1.5,1002.0,25.0,3.0,D
2022,2,DEEP DEPRESSION,"Best track positions and other parameters of the Deep Depression over the southeast Bay of Bengal during 20 March- 23 March, 2022",3,2022-03-20 03:00:00,2022-03-20,0300,10.1,92.6,1.5,1002.0,25.0,3.0,D
2022,2,DEEP DEPRESSION,"Best track positions and other parameters of the Deep Depression over the southeast Bay of Bengal during 20 March- 23 March, 2022",3,2022-03-20 06:00:00,2022-03-20,0600,10.4,92.9,1.5,1002.0,25.0,3.0,D
2022,2,DEEP DEPRESSION,"Best track positions and other parameters of the Deep Depression over the southeast Bay of Bengal during 20 March- 23 March, 2022",3,2022-03-20 12:00:00,2022-03-20,1200,10.9,93.2,1.5,1002.0,25.0,3.0,D
2022,2,DEEP DEPRESSION,"Best track positions and other parameters of the Deep Depression over the southeast Bay of Bengal during 20 March- 23 March, 2022",3,2022-03-20 18:00:00,2022-03-20,1800,11.3,93.4,1.5,1001.0,25.0,4.0,D
2022,2,DEEP DEPRESSION,"Best track positions and other parameters of the Deep Depression over the southeast Bay of Bengal during 20 March- 23 March, 2022",3,2022-03-21 00:00:00,2022-03-21,0000,11.9,93.7,2.0,1000.0,30.0,5.0,DD
2022,2,DEEP DEPRESSION,"Best track positions and other parameters of the Deep Depression over the southeast Bay of Bengal during 20 March- 23 March, 2022",3,2022-03-21 03:00:00,2022-03-21,0300,12.3,93.8,2.0,1000.0,30.0,5.0,DD
2022,2,DEEP DEPRESSION,"Best track positions and other parameters of the Deep Depression over the southeast Bay of Bengal during 20 March- 23 March, 2022",3,2022-03-21 06:00:00,2022-03-21,0600,12.6,93.9,2.0,1000.0,30.0,5.0,DD
2022,2,DEEP DEPRESSION,"Best track positions and other parameters of the Deep Depression over the southeast Bay of Bengal during 20 March- 23 March, 2022",3,2022-03-21 12:00:00,2022-03-21,1200,13.3,94.0,2.0,1000.0,30.0,5.0,DD
2022,2,DEEP DEPRESSION,"Best track positions and other parameters of the Deep Depression over the southeast Bay of Bengal during 20 March- 23 March, 2022",3,2022-03-21 18:00:00,2022-03-21,1800,14.0,94.0,2.0,1000.0,30.0,5.0,DD
2022,2,DEEP DEPRESSION,"Best track positions and other parameters of the Deep Depression over the southeast Bay of Bengal during 20 March- 23 March, 2022",3,2022-03-22 00:00:00,2022-03-22,0000,14.9,94.2,2.0,1000.0,30.0,5.0,DD
2022,2,DEEP DEPRESSION,"Best track positions and other parameters of the Deep Depression over the southeast Bay of Bengal during 20 March- 23 March, 2022",3,2022-03-22 00:00:00,2022-03-22,0000,16.3,94.3,,1000.0,30.0,5.0,DD
2022,2,DEEP DEPRESSION,"Best track positions and other parameters of the Deep Depression over the southeast Bay of Bengal during 20 March- 23 March, 2022",3,2022-03-22 00:00:00,2022-03-22,0000,16.6,94.4,,1001.0,25.0,4.0,D
2022,2,DEEP DEPRESSION,"Best track positions and other parameters of the Deep Depression over the southeast Bay of Bengal during 20 March- 23 March, 2022",3,2022-03-22 00:00:00,2022-03-22,0000,19.0,94.6,,1003.0,20.0,3.0,D
2022,2,DEEP DEPRESSION,"Best track positions and other parameters of the Deep Depression over the southeast Bay of Bengal during 20 March- 23 March, 2022",3,2022-03-22 03:00:00,2022-03-22,0300,15.2,94.2,2.0,1000.0,30.0,5.0,DD
2022,2,DEEP DEPRESSION,"Best track positions and other parameters of the Deep Depression over the southeast Bay of Bengal during 20 March- 23 March, 2022",3,2022-03-22 06:00:00,2022-03-22,0600,15.8,94.2,2.0,1000.0,30.0,5.0,DD
2022,2,DEEP DEPRESSION,"Best track positions and other parameters of the Deep Depression over the southeast Bay of Bengal during 20 March- 23 March, 2022",3,2022-03-22 18:00:00,2022-03-22,1800,17.6,94.5,1.5,1002.0,25.0,3.0,D
2022,3,ASANI,"Best track positions and other parameters of the Severe Cyclonic storm ASANI over Bay of Bengal during 07 - 12 May, 2022",5,2022-05-07 06:00:00,2022-05-07,0600,9.4,91.3,1.5,996.0,25.0,4.0,D
2022,3,ASANI,"Best track positions and other parameters of the Severe Cyclonic storm ASANI over Bay of Bengal during 07 - 12 May, 2022",5,2022-05-07 12:00:00,2022-05-07,1200,10.3,90.4,2.0,995.0,30.0,5.0,DD
2022,3,ASANI,"Best track positions and other parameters of the Severe Cyclonic storm ASANI over Bay of Bengal during 07 - 12 May, 2022",5,2022-05-07 18:00:00,2022-05-07,1800,10.8,90.1,2.0,994.0,30.0,5.0,DD
2022,3,ASANI,"Best track positions and other parameters of the Severe Cyclonic storm ASANI over Bay of Bengal during 07 - 12 May, 2022",5,2022-05-08 00:00:00,2022-05-08,0000,11.3,89.3,2.5,992.0,35.0,7.0,CS
2022,3,ASANI,"Best track positions and other parameters of the Severe Cyclonic storm ASANI over Bay of Bengal during 07 - 12 May, 2022",5,2022-05-08 03:00:00,2022-05-08,0300,11.5,89.0,2.5,990.0,40.0,8.0,CS
2022,3,ASANI,"Best track positions and other parameters of the Severe Cyclonic storm ASANI over Bay of Bengal during 07 - 12 May, 2022",5,2022-05-08 06:00:00,2022-05-08,0600,11.8,88.7,3.0,988.0,45.0,10.0,CS
2022,3,ASANI,"Best track positions and other parameters of the Severe Cyclonic storm ASANI over Bay of Bengal during 07 - 12 May, 2022",5,2022-05-08 09:00:00,2022-05-08,0900,12.0,88.4,3.0,988.0,45.0,10.0,CS
2022,3,ASANI,"Best track positions and other parameters of the Severe Cyclonic storm ASANI over Bay of Bengal during 07 - 12 May, 2022",5,2022-05-08 12:00:00,2022-05-08,1200,12.3,88.2,3.0,986.0,50.0,12.0,SCS
2022,3,ASANI,"Best track positions and other parameters of the Severe Cyclonic storm ASANI over Bay of Bengal during 07 - 12 May, 2022",5,2022-05-08 15:00:00,2022-05-08,1500,12.7,87.8,3.0,986.0,50.0,12.0,SCS
2022,3,ASANI,"Best track positions and other parameters of the Severe Cyclonic storm ASANI over Bay of Bengal during 07 - 12 May, 2022",5,2022-05-08 18:00:00,2022-05-08,1800,13.1,87.5,3.5,984.0,55.0,14.0,SCS
2022,3,ASANI,"Best track positions and other parameters of the Severe Cyclonic storm ASANI over Bay of Bengal during 07 - 12 May, 2022",5,2022-05-08 21:00:00,2022-05-08,2100,13.5,87.1,3.5,984.0,55.0,14.0,SCS
2022,3,ASANI,"Best track positions and other parameters of the Severe Cyclonic storm ASANI over Bay of Bengal during 07 - 12 May, 2022",5,2022-05-09 00:00:00,2022-05-09,0000,13.9,86.8,3.5,983.0,55.0,15.0,SCS
2022,3,ASANI,"Best track positions and other parameters of the Severe Cyclonic storm ASANI over Bay of Bengal during 07 - 12 May, 2022",5,2022-05-09 03:00:00,2022-05-09,0300,14.2,86.5,3.5,982.0,55.0,16.0,SCS
2022,3,ASANI,"Best track positions and other parameters of the Severe Cyclonic storm ASANI over Bay of Bengal during 07 - 12 May, 2022",5,2022-05-09 06:00:00,2022-05-09,0600,14.6,86.3,3.5,982.0,55.0,16.0,SCS
2022,3,ASANI,"Best track positions and other parameters of the Severe Cyclonic storm ASANI over Bay of Bengal during 07 - 12 May, 2022",5,2022-05-09 09:00:00,2022-05-09,0900,14.7,86.0,3.5,982.0,55.0,16.0,SCS
2022,3,ASANI,"Best track positions and other parameters of the Severe Cyclonic storm ASANI over Bay of Bengal during 07 - 12 May, 2022",5,2022-05-09 12:00:00,2022-05-09,1200,14.9,85.8,3.5,982.0,55.0,16.0,SCS
2022,3,ASANI,"Best track positions and other parameters of the Severe Cyclonic storm ASANI over Bay of Bengal during 07 - 12 May, 2022",5,2022-05-09 15:00:00,2022-05-09,1500,15.0,85.5,3.5,982.0,55.0,16.0,SCS
2022,3,ASANI,"Best track positions and other parameters of the Severe Cyclonic storm ASANI over Bay of Bengal during 07 - 12 May, 2022",5,2022-05-09 18:00:00,2022-05-09,1800,15.1,85.2,3.5,982.0,55.0,16.0,SCS
2022,3,ASANI,"Best track positions and other parameters of the Severe Cyclonic storm ASANI over Bay of Bengal during 07 - 12 May, 2022",5,2022-05-09 21:00:00,2022-05-09,2100,15.2,84.9,3.5,982.0,55.0,16.0,SCS
2022,3,ASANI,"Best track positions and other parameters of the Severe Cyclonic storm ASANI over Bay of Bengal during 07 - 12 May, 2022",5,2022-05-10 00:00:00,2022-05-10,0000,15.3,84.6,3.5,982.0,55.0,16.0,SCS
2022,3,ASANI,"Best track positions and other parameters of the Severe Cyclonic storm ASANI over Bay of Bengal during 07 - 12 May, 2022",6,2022-05-10 03:00:00,2022-05-10,0300,15.4,84.0,3.5,984.0,55.0,14.0,SCS
2022,3,ASANI,"Best track positions and other parameters of the Severe Cyclonic storm ASANI over Bay of Bengal during 07 - 12 May, 2022",6,2022-05-10 06:00:00,2022-05-10,0600,15.5,83.5,3.5,984.0,55.0,14.0,SCS
2022,3,ASANI,"Best track positions and other parameters of the Severe Cyclonic storm ASANI over Bay of Bengal during 07 - 12 May, 2022",6,2022-05-10 09:00:00,2022-05-10,0900,15.6,83.1,3.5,984.0,55.0,14.0,SCS
2022,3,ASANI,"Best track positions and other parameters of the Severe Cyclonic storm ASANI over Bay of Bengal during 07 - 12 May, 2022",6,2022-05-10 12:00:00,2022-05-10,1200,15.7,82.8,3.0,984.0,50.0,14.0,SCS
2022,3,ASANI,"Best track positions and other parameters of the Severe Cyclonic storm ASANI over Bay of Bengal during 07 - 12 May, 2022",6,2022-05-10 15:00:00,2022-05-10,1500,15.8,82.4,3.0,985.0,50.0,13.0,SCS
2022,3,ASANI,"Best track positions and other parameters of the Severe Cyclonic storm ASANI over Bay of Bengal during 07 - 12 May, 2022",6,2022-05-10 18:00:00,2022-05-10,1800,15.9,82.1,3.0,986.0,50.0,12.0,SCS
2022,3,ASANI,"Best track positions and other parameters of the Severe Cyclonic storm ASANI over Bay of Bengal during 07 - 12 May, 2022",6,2022-05-10 21:00:00,2022-05-10,2100,16.0,81.9,3.0,986.0,45.0,10.0,CS
2022,3,ASANI,"Best track positions and other parameters of the Severe Cyclonic storm ASANI over Bay of Bengal during 07 - 12 May, 2022",6,2022-05-11 00:00:00,2022-05-11,0000,16.1,81.8,3.0,988.0,45.0,10.0,CS
2022,3,ASANI,"Best track positions and other parameters of the Severe Cyclonic storm ASANI over Bay of Bengal during 07 - 12 May, 2022",6,2022-05-11 00:00:00,2022-05-11,0000,16.3,81.3,,993.0,30.0,5.0,DD
2022,3,ASANI,"Best track positions and other parameters of the Severe Cyclonic storm ASANI over Bay of Bengal during 07 - 12 May, 2022",6,2022-05-11 00:00:00,2022-05-11,0000,16.3,81.2,,994.0,30.0,5.0,DD
2022,3,ASANI,"Best track positions and other parameters of the Severe Cyclonic storm ASANI over Bay of Bengal during 07 - 12 May, 2022",6,2022-05-11 03:00:00,2022-05-11,0300,16.1,81.6,3.0,988.0,45.0,10.0,CS
2022,3,ASANI,"Best track positions and other parameters of the Severe Cyclonic storm ASANI over Bay of Bengal during 07 - 12 May, 2022",6,2022-05-11 06:00:00,2022-05-11,0600,16.2,81.5,2.5,990.0,40.0,8.0,CS
2022,3,ASANI,"Best track positions and other parameters of the Severe Cyclonic storm ASANI over Bay of Bengal during 07 - 12 May, 2022",6,2022-05-11 09:00:00,2022-05-11,0900,16.2,81.4,2.5,990.0,40.0,8.0,CS
2022,3,ASANI,"Best track positions and other parameters of the Severe Cyclonic storm ASANI over Bay of Bengal during 07 - 12 May, 2022",6,2022-05-11 12:00:00,2022-05-11,1200,16.3,81.4,2.0,992.0,30.0,6.0,DD
2022,3,ASANI,"Best track positions and other parameters of the Severe Cyclonic storm ASANI over Bay of Bengal during 07 - 12 May, 2022",6,2022-05-12 00:00:00,2022-05-12,0000,16.2,80.9,,996.0,25.0,4.0,D
2022,4,DEPRESSION,"Best track positions and other parameters of depression over Gulf of Martaban and adjoining Myanmar (20th -21st May, 2022)",7,2022-05-20 03:00:00,2022-05-20,0300,16.3,97.3,1.5,1000.0,25.0,4.0,D
2022,4,DEPRESSION,"Best track positions and other parameters of depression over Gulf of Martaban and adjoining Myanmar (20th -21st May, 2022)",7,2022-05-20 06:00:00,2022-05-20,0600,16.4,97.4,1.5,1000.0,25.0,4.0,D
2022,4,DEPRESSION,"Best track positions and other parameters of depression over Gulf of Martaban and adjoining Myanmar (20th -21st May, 2022)",7,2022-05-20 09:00:00,2022-05-20,0900,16.8,97.6,1.5,998.0,25.0,4.0,D
2022,4,DEPRESSION,"Best track positions and other parameters of depression over Gulf of Martaban and adjoining Myanmar (20th -21st May, 2022)",7,2022-05-20 12:00:00,2022-05-20,1200,17.1,97.8,1.5,999.0,25.0,3.0,D
2022,4,DEPRESSION,"Best track positions and other parameters of depression over Gulf of Martaban and adjoining Myanmar (20th -21st May, 2022)",7,2022-05-20 18:00:00,2022-05-20,1800,17.4,98.0,1.5,999.0,25.0,3.0,D
2022,5,DEPRESSION,"Best track positions and other parameters of the Depression over Northeast Arabian Sea (16-17 July, 2022)",8,2022-07-16 03:00:00,2022-07-16,0300,21.6,69.0,1.5,992.0,25.0,4.0,D
2022,5,DEPRESSION,"Best track positions and other parameters of the Depression over Northeast Arabian Sea (16-17 July, 2022)",8,2022-07-16 06:00:00,2022-07-16,0600,21.9,68.9,1.5,992.0,25.0,4.0,D
2022,5,DEPRESSION,"Best track positions and other parameters of the Depression over Northeast Arabian Sea (16-17 July, 2022)",8,2022-07-16 12:00:00,2022-07-16,1200,22.1,68.8,1.5,992.0,25.0,4.0,D
2022,5,DEPRESSION,"Best track positions and other parameters of the Depression over Northeast Arabian Sea (16-17 July, 2022)",8,2022-07-16 18:00:00,2022-07-16,1800,22.6,68.7,1.5,992.0,25.0,4.0,D
2022,5,DEPRESSION,"Best track positions and other parameters of the Depression over Northeast Arabian Sea (16-17 July, 2022)",8,2022-07-17 00:00:00,2022-07-17,0000,22.8,68.5,1.5,992.0,25.0,4.0,D
2022,5,DEPRESSION,"Best track positions and other parameters of the Depression over Northeast Arabian Sea (16-17 July, 2022)",8,2022-07-17 03:00:00,2022-07-17,0300,23.0,68.2,1.5,992.0,25.0,4.0,D
2022,5,DEPRESSION,"Best track positions and other parameters of the Depression over Northeast Arabian Sea (16-17 July, 2022)",8,2022-07-17 06:00:00,2022-07-17,0600,23.2,67.8,1.5,992.0,25.0,4.0,D
2022,5,DEPRESSION,"Best track positions and other parameters of the Depression over Northeast Arabian Sea (16-17 July, 2022)",8,2022-07-17 12:00:00,2022-07-17,1200,23.4,67.4,1.5,992.0,25.0,4.0,D
2022,5,DEPRESSION,"Best track positions and other parameters of the Depression over Northeast Arabian Sea (16-17 July, 2022)",8,2022-07-17 18:00:00,2022-07-17,1800,23.4,66.3,1.5,993.0,20.0,3.0,D
2022,6,DEPRESSION,"Best track positions and other parameters of the Depression over coastal Odisha (09-10 August, 2022)",9,2022-08-09 00:00:00,2022-08-09,0000,20.8,85.6,,990.0,25.0,4.0,D
2022,6,DEPRESSION,"Best track positions and other parameters of the Depression over coastal Odisha (09-10 August, 2022)",9,2022-08-09 00:00:00,2022-08-09,0000,20.8,85.3,,990.0,25.0,4.0,D
2022,6,DEPRESSION,"Best track positions and other parameters of the Depression over coastal Odisha (09-10 August, 2022)",9,2022-08-09 00:00:00,2022-08-09,0000,21.2,84.2,,990.0,25.0,4.0,D
2022,6,DEPRESSION,"Best track positions and other parameters of the Depression over coastal Odisha (09-10 August, 2022)",9,2022-08-09 00:00:00,2022-08-09,0000,21.5,83.3,,991.0,20.0,3.0,D
2022,7,DEPRESSION,BEST TRACK POSITIONS AND OTHER PARAMETERS OF DEPRESSION OVER NORTHEAST ARABIAN SEA (12-13 AUGUST 2022),10,2022-08-12 03:00:00,2022-08-12,0300,22.5,66.5,1.5,990.0,25.0,4.0,D
2022,7,DEPRESSION,BEST TRACK POSITIONS AND OTHER PARAMETERS OF DEPRESSION OVER NORTHEAST ARABIAN SEA (12-13 AUGUST 2022),10,2022-08-12 06:00:00,2022-08-12,0600,22.4,66.0,1.5,990.0,25.0,4.0,D
2022,7,DEPRESSION,BEST TRACK POSITIONS AND OTHER PARAMETERS OF DEPRESSION OVER NORTHEAST ARABIAN SEA (12-13 AUGUST 2022),10,2022-08-12 12:00:00,2022-08-12,1200,22.3,65.2,1.5,990.0,25.0,4.0,D
2022,7,DEPRESSION,BEST TRACK POSITIONS AND OTHER PARAMETERS OF DEPRESSION OVER NORTHEAST ARABIAN SEA (12-13 AUGUST 2022),10,2022-08-12 18:00:00,2022-08-12,1800,22.2,64.5,1.5,990.0,25.0,4.0,D
2022,7,DEPRESSION,BEST TRACK POSITIONS AND OTHER PARAMETERS OF DEPRESSION OVER NORTHEAST ARABIAN SEA (12-13 AUGUST 2022),10,2022-08-13 00:00:00,2022-08-13,0000,22.1,63.8,1.5,990.0,25.0,4.0,D
2022,7,DEPRESSION,BEST TRACK POSITIONS AND OTHER PARAMETERS OF DEPRESSION OVER NORTHEAST ARABIAN SEA (12-13 AUGUST 2022),10,2022-08-13 03:00:00,2022-08-13,0300,22.0,63.6,1.5,990.0,25.0,4.0,D
2022,7,DEPRESSION,BEST TRACK POSITIONS AND OTHER PARAMETERS OF DEPRESSION OVER NORTHEAST ARABIAN SEA (12-13 AUGUST 2022),10,2022-08-13 06:00:00,2022-08-13,0600,22.0,63.4,1.5,990.0,20.0,3.0,D
2022,8,DEPRESSION,BEST TRACK POSITIONS AND OTHER PARAMETERS OF DEPRESSION OVER NORTHWEST BAY OF BENGAL (14-16 AUGUST 2022),11,2022-08-14 00:00:00,2022-08-14,0000,21.8,87.5,,994.0,25.0,4.0,D
2022,8,DEPRESSION,BEST TRACK POSITIONS AND OTHER PARAMETERS OF DEPRESSION OVER NORTHWEST BAY OF BENGAL (14-16 AUGUST 2022),11,2022-08-14 00:00:00,2022-08-14,0000,22.1,86.0,,994.0,25.0,4.0,D
2022,8,DEPRESSION,BEST TRACK POSITIONS AND OTHER PARAMETERS OF DEPRESSION OVER NORTHWEST BAY OF BENGAL (14-16 AUGUST 2022),11,2022-08-14 00:00:00,2022-08-14,0000,22.2,84.0,,994.0,25.0,4.0,D
2022,8,DEPRESSION,BEST TRACK POSITIONS AND OTHER PARAMETERS OF DEPRESSION OVER NORTHWEST BAY OF BENGAL (14-16 AUGUST 2022),11,2022-08-14 00:00:00,2022-08-14,0000,22.4,82.8,,994.0,25.0,4.0,D
2022,8,DEPRESSION,BEST TRACK POSITIONS AND OTHER PARAMETERS OF DEPRESSION OVER NORTHWEST BAY OF BENGAL (14-16 AUGUST 2022),11,2022-08-14 00:00:00,2022-08-14,0000,22.6,82.0,,994.0,25.0,4.0,D
2022,8,DEPRESSION,BEST TRACK POSITIONS AND OTHER PARAMETERS OF DEPRESSION OVER NORTHWEST BAY OF BENGAL (14-16 AUGUST 2022),11,2022-08-14 00:00:00,2022-08-14,0000,22.8,81.1,,994.0,25.0,4.0,D
2022,8,DEPRESSION,BEST TRACK POSITIONS AND OTHER PARAMETERS OF DEPRESSION OVER NORTHWEST BAY OF BENGAL (14-16 AUGUST 2022),11,2022-08-14 00:00:00,2022-08-14,0000,23.3,79.8,,994.0,25.0,4.0,D
2022,8,DEPRESSION,BEST TRACK POSITIONS AND OTHER PARAMETERS OF DEPRESSION OVER NORTHWEST BAY OF BENGAL (14-16 AUGUST 2022),11,2022-08-14 00:00:00,2022-08-14,0000,23.6,79.0,,994.0,25.0,4.0,D
2022,8,DEPRESSION,BEST TRACK POSITIONS AND OTHER PARAMETERS OF DEPRESSION OVER NORTHWEST BAY OF BENGAL (14-16 AUGUST 2022),11,2022-08-14 03:00:00,2022-08-14,0300,21.7,87.8,1.5,994.0,25.0,4.0,D
2022,8,DEPRESSION,BEST TRACK POSITIONS AND OTHER PARAMETERS OF DEPRESSION OVER NORTHWEST BAY OF BENGAL (14-16 AUGUST 2022),11,2022-08-16 00:00:00,2022-08-16,0000,24.3,77.6,,994.0,25.0,4.0,D
2022,8,DEPRESSION,BEST TRACK POSITIONS AND OTHER PARAMETERS OF DEPRESSION OVER NORTHWEST BAY OF BENGAL (14-16 AUGUST 2022),11,2022-08-16 00:00:00,2022-08-16,0000,24.7,76.5,,994.0,25.0,4.0,D
2022,8,DEPRESSION,BEST TRACK POSITIONS AND OTHER PARAMETERS OF DEPRESSION OVER NORTHWEST BAY OF BENGAL (14-16 AUGUST 2022),11,2022-08-16 00:00:00,2022-08-16,0000,24.9,76.1,,995.0,20.0,3.0,D
2022,9,DEEP DEPRESSION,"BEST TRACK POSITIONS AND OTHER PARAMETERS OF DEEP DEPRESSION OVER NORTH BAY OF BENGAL (19-22 AUGUST, 2022)",12,2022-08-19 00:00:00,2022-08-19,0000,20.5,89.7,1.5,994.0,25.0,4.0,D
2022,9,DEEP DEPRESSION,"BEST TRACK POSITIONS AND OTHER PARAMETERS OF DEEP DEPRESSION OVER NORTH BAY OF BENGAL (19-22 AUGUST, 2022)",12,2022-08-19 00:00:00,2022-08-19,0000,21.8,87.6,,992.0,30.0,6.0,DD
2022,9,DEEP DEPRESSION,"BEST TRACK POSITIONS AND OTHER PARAMETERS OF DEEP DEPRESSION OVER NORTH BAY OF BENGAL (19-22 AUGUST, 2022)",12,2022-08-19 00:00:00,2022-08-19,0000,22.1,87.0,,992.0,30.0,6.0,DD
2022,9,DEEP DEPRESSION,"BEST TRACK POSITIONS AND OTHER PARAMETERS OF DEEP DEPRESSION OVER NORTH BAY OF BENGAL (19-22 AUGUST, 2022)",12,2022-08-19 03:00:00,2022-08-19,0300,20.8,89.2,1.5,994.0,25.0,4.0,D
2022,9,DEEP DEPRESSION,"BEST TRACK POSITIONS AND OTHER PARAMETERS OF DEEP DEPRESSION OVER NORTH BAY OF BENGAL (19-22 AUGUST, 2022)",12,2022-08-19 06:00:00,2022-08-19,0600,21.1,88.8,2.0,993.0,30.0,5.0,DD
2022,9,DEEP DEPRESSION,"BEST TRACK POSITIONS AND OTHER PARAMETERS OF DEEP DEPRESSION OVER NORTH BAY OF BENGAL (19-22 AUGUST, 2022)",12,2022-08-19 12:00:00,2022-08-19,1200,21.5,88.1,2.0,992.0,30.0,6.0,DD
2022,9,DEEP DEPRESSION,"BEST TRACK POSITIONS AND OTHER PARAMETERS OF DEEP DEPRESSION OVER NORTH BAY OF BENGAL (19-22 AUGUST, 2022)",12,2022-08-20 00:00:00,2022-08-20,0000,22.5,86.0,,992.0,30.0,6.0,DD
2022,9,DEEP DEPRESSION,"BEST TRACK POSITIONS AND OTHER PARAMETERS OF DEEP DEPRESSION OVER NORTH BAY OF BENGAL (19-22 AUGUST, 2022)",12,2022-08-20 00:00:00,2022-08-20,0000,22.6,85.6,,992.0,30.0,6.0,DD
2022,9,DEEP DEPRESSION,"BEST TRACK POSITIONS AND OTHER PARAMETERS OF DEEP DEPRESSION OVER NORTH BAY OF BENGAL (19-22 AUGUST, 2022)",12,2022-08-20 00:00:00,2022-08-20,0000,22.9,84.8,,993.0,30.0,5.0,DD
2022,9,DEEP DEPRESSION,"BEST TRACK POSITIONS AND OTHER PARAMETERS OF DEEP DEPRESSION OVER NORTH BAY OF BENGAL (19-22 AUGUST, 2022)",12,2022-08-20 00:00:00,2022-08-20,0000,23.3,83.6,,993.0,30.0,5.0,DD
2022,9,DEEP DEPRESSION,"BEST TRACK POSITIONS AND OTHER PARAMETERS OF DEEP DEPRESSION OVER NORTH BAY OF BENGAL (19-22 AUGUST, 2022)",12,2022-08-20 00:00:00,2022-08-20,0000,23.5,82.9,,993.0,30.0,5.0,DD
2022,9,DEEP DEPRESSION,"BEST TRACK POSITIONS AND OTHER PARAMETERS OF DEEP DEPRESSION OVER NORTH BAY OF BENGAL (19-22 AUGUST, 2022)",12,2022-08-21 00:00:00,2022-08-21,0000,23.7,82.2,,994.0,25.0,4.0,D
2022,9,DEEP DEPRESSION,"BEST TRACK POSITIONS AND OTHER PARAMETERS OF DEEP DEPRESSION OVER NORTH BAY OF BENGAL (19-22 AUGUST, 2022)",12,2022-08-21 00:00:00,2022-08-21,0000,23.8,81.7,,994.0,25.0,4.0,D
2022,9,DEEP DEPRESSION,"BEST TRACK POSITIONS AND OTHER PARAMETERS OF DEEP DEPRESSION OVER NORTH BAY OF BENGAL (19-22 AUGUST, 2022)",12,2022-08-21 00:00:00,2022-08-21,0000,24.0,81.2,,994.0,25.0,4.0,D
2022,9,DEEP DEPRESSION,"BEST TRACK POSITIONS AND OTHER PARAMETERS OF DEEP DEPRESSION OVER NORTH BAY OF BENGAL (19-22 AUGUST, 2022)",12,2022-08-21 00:00:00,2022-08-21,0000,24.2,80.5,,994.0,25.0,4.0,D
2022,9,DEEP DEPRESSION,"BEST TRACK POSITIONS AND OTHER PARAMETERS OF DEEP DEPRESSION OVER NORTH BAY OF BENGAL (19-22 AUGUST, 2022)",12,2022-08-21 00:00:00,2022-08-21,0000,24.25,79.8,,995.0,25.0,4.0,D
2022,9,DEEP DEPRESSION,"BEST TRACK POSITIONS AND OTHER PARAMETERS OF DEEP DEPRESSION OVER NORTH BAY OF BENGAL (19-22 AUGUST, 2022)",13,2022-08-22 00:00:00,2022-08-22,0000,24.3,79.1,,995.0,25.0,4.0,D
2022,9,DEEP DEPRESSION,"BEST TRACK POSITIONS AND OTHER PARAMETERS OF DEEP DEPRESSION OVER NORTH BAY OF BENGAL (19-22 AUGUST, 2022)",13,2022-08-22 00:00:00,2022-08-22,0000,24.3,78.4,,995.0,25.0,4.0,D
2022,9,DEEP DEPRESSION,"BEST TRACK POSITIONS AND OTHER PARAMETERS OF DEEP DEPRESSION OVER NORTH BAY OF BENGAL (19-22 AUGUST, 2022)",13,2022-08-22 00:00:00,2022-08-22,0000,24.4,77.8,,996.0,25.0,4.0,D
2022,9,DEEP DEPRESSION,"BEST TRACK POSITIONS AND OTHER PARAMETERS OF DEEP DEPRESSION OVER NORTH BAY OF BENGAL (19-22 AUGUST, 2022)",13,2022-08-22 00:00:00,2022-08-22,0000,24.4,77.4,,996.0,25.0,4.0,D
2022,9,DEEP DEPRESSION,"BEST TRACK POSITIONS AND OTHER PARAMETERS OF DEEP DEPRESSION OVER NORTH BAY OF BENGAL (19-22 AUGUST, 2022)",13,2022-08-22 00:00:00,2022-08-22,0000,24.6,76.6,,997.0,20.0,3.0,D
2022,9,DEEP DEPRESSION,"BEST TRACK POSITIONS AND OTHER PARAMETERS OF DEEP DEPRESSION OVER NORTH BAY OF BENGAL (19-22 AUGUST, 2022)",13,2022-08-23 00:00:00,2022-08-23,0000,24.8,76.2,,997.0,20.0,3.0,D
2022,10,DEPRESSION,BEST TRACK POSITIONS AND OTHER PARAMETERS OF DEPRESSION OVER SOUTH COASTAL ODISHA AND NEIGHBOURHOOD (11-12 SEPTEMBER 2022),14,2022-09-11 00:00:00,2022-09-11,0000,19.5,84.7,,998.0,25.0,4.0,D
2022,10,DEPRESSION,BEST TRACK POSITIONS AND OTHER PARAMETERS OF DEPRESSION OVER SOUTH COASTAL ODISHA AND NEIGHBOURHOOD (11-12 SEPTEMBER 2022),14,2022-09-11 00:00:00,2022-09-11,0000,19.7,84.0,,998.0,25.0,4.0,D
2022,10,DEPRESSION,BEST TRACK POSITIONS AND OTHER PARAMETERS OF DEPRESSION OVER SOUTH COASTAL ODISHA AND NEIGHBOURHOOD (11-12 SEPTEMBER 2022),14,2022-09-11 00:00:00,2022-09-11,0000,19.8,83.3,,998.0,25.0,4.0,D
2022,10,DEPRESSION,BEST TRACK POSITIONS AND OTHER PARAMETERS OF DEPRESSION OVER SOUTH COASTAL ODISHA AND NEIGHBOURHOOD (11-12 SEPTEMBER 2022),14,2022-09-11 00:00:00,2022-09-11,0000,19.9,81.7,,998.0,25.0,4.0,D
2022,10,DEPRESSION,BEST TRACK POSITIONS AND OTHER PARAMETERS OF DEPRESSION OVER SOUTH COASTAL ODISHA AND NEIGHBOURHOOD (11-12 SEPTEMBER 2022),14,2022-09-11 00:00:00,2022-09-11,0000,20.1,81.2,,998.0,25.0,4.0,D
2022,10,DEPRESSION,BEST TRACK POSITIONS AND OTHER PARAMETERS OF DEPRESSION OVER SOUTH COASTAL ODISHA AND NEIGHBOURHOOD (11-12 SEPTEMBER 2022),14,2022-09-11 00:00:00,2022-09-11,0000,20.8,80.8,,999.0,20.0,3.0,D
2022,11,SITRANG,"Best track positions and other parameters of the cyclonic storm “SITRANG” over Bay of Bengal during 22 - 25 October, 2022.",15,2022-10-22 03:00:00,2022-10-22,0300,12.7,92.4,1.5,1004.0,25.0,3.0,D
2022,11,SITRANG,"Best track positions and other parameters of the cyclonic storm “SITRANG” over Bay of Bengal during 22 - 25 October, 2022.",15,2022-10-22 06:00:00,2022-10-22,0600,13.7,91.3,1.5,1003.0,25.0,4.0,D
2022,11,SITRANG,"Best track positions and other parameters of the cyclonic storm “SITRANG” over Bay of Bengal during 22 - 25 October, 2022.",15,2022-10-22 12:00:00,2022-10-22,1200,14.2,90.5,1.5,1002.0,25.0,4.0,D
2022,11,SITRANG,"Best track positions and other parameters of the cyclonic storm “SITRANG” over Bay of Bengal during 22 - 25 October, 2022.",15,2022-10-22 18:00:00,2022-10-22,1800,14.9,89.8,1.5,1002.0,25.0,4.0,D
2022,11,SITRANG,"Best track positions and other parameters of the cyclonic storm “SITRANG” over Bay of Bengal during 22 - 25 October, 2022.",15,2022-10-23 00:00:00,2022-10-23,0000,15.3,89.0,2.0,1001.0,30.0,5.0,DD
2022,11,SITRANG,"Best track positions and other parameters of the cyclonic storm “SITRANG” over Bay of Bengal during 22 - 25 October, 2022.",15,2022-10-23 03:00:00,2022-10-23,0300,15.6,88.4,2.0,1000.0,30.0,6.0,DD
2022,11,SITRANG,"Best track positions and other parameters of the cyclonic storm “SITRANG” over Bay of Bengal during 22 - 25 October, 2022.",15,2022-10-23 06:00:00,2022-10-23,0600,15.9,88.2,2.0,1000.0,30.0,6.0,DD
2022,11,SITRANG,"Best track positions and other parameters of the cyclonic storm “SITRANG” over Bay of Bengal during 22 - 25 October, 2022.",15,2022-10-23 12:00:00,2022-10-23,1200,16.5,88.1,2.5,999.0,35.0,7.0,CS
2022,11,SITRANG,"Best track positions and other parameters of the cyclonic storm “SITRANG” over Bay of Bengal during 22 - 25 October, 2022.",15,2022-10-23 15:00:00,2022-10-23,1500,17.0,88.2,2.5,999.0,35.0,7.0,CS
2022,11,SITRANG,"Best track positions and other parameters of the cyclonic storm “SITRANG” over Bay of Bengal during 22 - 25 October, 2022.",15,2022-10-23 18:00:00,2022-10-23,1800,17.3,88.3,2.5,998.0,35.0,7.0,CS
2022,11,SITRANG,"Best track positions and other parameters of the cyclonic storm “SITRANG” over Bay of Bengal during 22 - 25 October, 2022.",15,2022-10-23 21:00:00,2022-10-23,2100,17.5,88.4,2.5,997.0,40.0,8.0,CS
2022,11,SITRANG,"Best track positions and other parameters of the cyclonic storm “SITRANG” over Bay of Bengal during 22 - 25 October, 2022.",15,2022-10-24 00:00:00,2022-10-24,0000,18.0,88.6,2.5,996.0,40.0,9.0,CS
2022,11,SITRANG,"Best track positions and other parameters of the cyclonic storm “SITRANG” over Bay of Bengal during 22 - 25 October, 2022.",16,2022-10-24 00:00:00,2022-10-24,0000,23.5,90.8,,996.0,40.0,8.0,CS
2022,11,SITRANG,"Best track positions and other parameters of the cyclonic storm “SITRANG” over Bay of Bengal during 22 - 25 October, 2022.",16,2022-10-24 00:00:00,2022-10-24,0000,24.3,91.0,,998.0,30.0,6.0,DD
2022,11,SITRANG,"Best track positions and other parameters of the cyclonic storm “SITRANG” over Bay of Bengal during 22 - 25 October, 2022.",15,2022-10-24 03:00:00,2022-10-24,0300,18.7,88.9,3.0,996.0,45.0,10.0,CS
2022,11,SITRANG,"Best track positions and other parameters of the cyclonic storm “SITRANG” over Bay of Bengal during 22 - 25 October, 2022.",15,2022-10-24 06:00:00,2022-10-24,0600,19.3,89.2,3.0,996.0,45.0,10.0,CS
2022,11,SITRANG,"Best track positions and other parameters of the cyclonic storm “SITRANG” over Bay of Bengal during 22 - 25 October, 2022.",15,2022-10-24 09:00:00,2022-10-24,0900,19.9,89.7,3.0,996.0,45.0,10.0,CS
2022,11,SITRANG,"Best track positions and other parameters of the cyclonic storm “SITRANG” over Bay of Bengal during 22 - 25 October, 2022.",15,2022-10-24 12:00:00,2022-10-24,1200,20.5,89.8,3.0,996.0,45.0,10.0,CS
2022,11,SITRANG,"Best track positions and other parameters of the cyclonic storm “SITRANG” over Bay of Bengal during 22 - 25 October, 2022.",15,2022-10-24 15:00:00,2022-10-24,1500,21.4,90.2,3.0,996.0,45.0,10.0,CS
2022,11,SITRANG,"Best track positions and other parameters of the cyclonic storm “SITRANG” over Bay of Bengal during 22 - 25 October, 2022.",16,2022-10-25 00:00:00,2022-10-25,0000,24.5,91.1,,1000.0,25.0,4.0,D
2022,12,DEPRESSION,"Best track positions and other parameters of the Depression over southwest and adjoining southeast BoB during 20nd-22nd November, 2022",17,2022-11-20 00:00:00,2022-11-20,0000,10.0,85.5,1.5,1005.0,25.0,4.0,D
2022,12,DEPRESSION,"Best track positions and other parameters of the Depression over southwest and adjoining southeast BoB during 20nd-22nd November, 2022",17,2022-11-20 03:00:00,2022-11-20,0300,10.0,85.5,1.5,1005.0,25.0,4.0,D
2022,12,DEPRESSION,"Best track positions and other parameters of the Depression over southwest and adjoining southeast BoB during 20nd-22nd November, 2022",17,2022-11-20 06:00:00,2022-11-20,0600,10.3,85.3,1.5,1005.0,25.0,4.0,D
2022,12,DEPRESSION,"Best track positions and other parameters of the Depression over southwest and adjoining southeast BoB during 20nd-22nd November, 2022",17,2022-11-20 12:00:00,2022-11-20,1200,10.9,85.0,1.5,1003.0,25.0,4.0,D
2022,12,DEPRESSION,"Best track positions and other parameters of the Depression over southwest and adjoining southeast BoB during 20nd-22nd November, 2022",17,2022-11-20 18:00:00,2022-11-20,1800,11.4,84.6,1.5,1003.0,25.0,4.0,D
2022,12,DEPRESSION,"Best track positions and other parameters of the Depression over southwest and adjoining southeast BoB during 20nd-22nd November, 2022",17,2022-11-21 00:00:00,2022-11-21,0000,11.9,84.2,1.5,1003.0,25.0,4.0,D
2022,12,DEPRESSION,"Best track positions and other parameters of the Depression over southwest and adjoining southeast BoB during 20nd-22nd November, 2022",17,2022-11-21 03:00:00,2022-11-21,0300,12.1,84.0,1.5,1003.0,25.0,4.0,D
2022,12,DEPRESSION,"Best track positions and other parameters of the Depression over southwest and adjoining southeast BoB during 20nd-22nd November, 2022",17,2022-11-21 06:00:00,2022-11-21,0600,12.6,83.4,1.5,1003.0,25.0,4.0,D
2022,12,DEPRESSION,"Best track positions and other parameters of the Depression over southwest and adjoining southeast BoB during 20nd-22nd November, 2022",17,2022-11-21 12:00:00,2022-11-21,1200,12.9,82.0,1.5,1003.0,25.0,4.0,D
2022,12,DEPRESSION,"Best track positions and other parameters of the Depression over southwest and adjoining southeast BoB during 20nd-22nd November, 2022",17,2022-11-21 18:00:00,2022-11-21,1800,13.0,81.7,1.5,1003.0,25.0,4.0,D
2022,12,DEPRESSION,"Best track positions and other parameters of the Depression over southwest and adjoining southeast BoB during 20nd-22nd November, 2022",17,2022-11-22 00:00:00,2022-11-22,0000,13.1,81.4,1.5,1004.0,25.0,4.0,D
2022,13,MANDOUS,"Best track positions and other parameters of the severe cyclonic storm “MANDOUS” over Bay of Bengal during 6 - 10 December, 2022.",18,2022-12-06 12:00:00,2022-12-06,1200,8.2,88.2,1.5,1000.0,25.0,3.0,D
2022,13,MANDOUS,"Best track positions and other parameters of the severe cyclonic storm “MANDOUS” over Bay of Bengal during 6 - 10 December, 2022.",18,2022-12-06 18:00:00,2022-12-06,1800,8.4,87.0,1.5,1000.0,25.0,4.0,D
2022,13,MANDOUS,"Best track positions and other parameters of the severe cyclonic storm “MANDOUS” over Bay of Bengal during 6 - 10 December, 2022.",18,2022-12-07 00:00:00,2022-12-07,0000,8.6,86.3,2.0,999.0,30.0,5.0,DD
2022,13,MANDOUS,"Best track positions and other parameters of the severe cyclonic storm “MANDOUS” over Bay of Bengal during 6 - 10 December, 2022.",18,2022-12-07 03:00:00,2022-12-07,0300,8.7,85.7,2.0,999.0,30.0,5.0,DD
2022,13,MANDOUS,"Best track positions and other parameters of the severe cyclonic storm “MANDOUS” over Bay of Bengal during 6 - 10 December, 2022.",18,2022-12-07 06:00:00,2022-12-07,0600,8.7,85.5,2.0,998.0,30.0,5.0,DD
2022,13,MANDOUS,"Best track positions and other parameters of the severe cyclonic storm “MANDOUS” over Bay of Bengal during 6 - 10 December, 2022.",18,2022-12-07 12:00:00,2022-12-07,1200,8.9,85.0,2.0,998.0,30.0,6.0,DD
2022,13,MANDOUS,"Best track positions and other parameters of the severe cyclonic storm “MANDOUS” over Bay of Bengal during 6 - 10 December, 2022.",18,2022-12-07 18:00:00,2022-12-07,1800,9.2,84.6,2.5,997.0,35.0,7.0,CS
2022,13,MANDOUS,"Best track positions and other parameters of the severe cyclonic storm “MANDOUS” over Bay of Bengal during 6 - 10 December, 2022.",18,2022-12-07 21:00:00,2022-12-07,2100,9.3,84.4,2.5,997.0,35.0,7.0,CS
2022,13,MANDOUS,"Best track positions and other parameters of the severe cyclonic storm “MANDOUS” over Bay of Bengal during 6 - 10 December, 2022.",18,2022-12-08 00:00:00,2022-12-08,0000,9.4,84.1,2.5,995.0,40.0,8.0,CS
2022,13,MANDOUS,"Best track positions and other parameters of the severe cyclonic storm “MANDOUS” over Bay of Bengal during 6 - 10 December, 2022.",18,2022-12-08 03:00:00,2022-12-08,0300,9.5,83.8,2.5,994.0,40.0,9.0,CS
2022,13,MANDOUS,"Best track positions and other parameters of the severe cyclonic storm “MANDOUS” over Bay of Bengal during 6 - 10 December, 2022.",18,2022-12-08 06:00:00,2022-12-08,0600,9.7,83.5,3.0,992.0,45.0,10.0,CS
2022,13,MANDOUS,"Best track positions and other parameters of the severe cyclonic storm “MANDOUS” over Bay of Bengal during 6 - 10 December, 2022.",18,2022-12-08 09:00:00,2022-12-08,0900,9.8,83.2,3.0,992.0,45.0,10.0,CS
2022,13,MANDOUS,"Best track positions and other parameters of the severe cyclonic storm “MANDOUS” over Bay of Bengal during 6 - 10 December, 2022.",18,2022-12-08 12:00:00,2022-12-08,1200,10.1,82.9,3.0,990.0,50.0,12.0,SCS
2022,13,MANDOUS,"Best track positions and other parameters of the severe cyclonic storm “MANDOUS” over Bay of Bengal during 6 - 10 December, 2022.",18,2022-12-08 15:00:00,2022-12-08,1500,10.4,82.6,3.0,990.0,50.0,12.0,SCS
2022,13,MANDOUS,"Best track positions and other parameters of the severe cyclonic storm “MANDOUS” over Bay of Bengal during 6 - 10 December, 2022.",18,2022-12-08 18:00:00,2022-12-08,1800,10.6,82.3,3.0,990.0,50.0,12.0,SCS
2022,13,MANDOUS,"Best track positions and other parameters of the severe cyclonic storm “MANDOUS” over Bay of Bengal during 6 - 10 December, 2022.",18,2022-12-08 21:00:00,2022-12-08,2100,10.7,82.0,3.0,990.0,50.0,12.0,SCS
2022,13,MANDOUS,"Best track positions and other parameters of the severe cyclonic storm “MANDOUS” over Bay of Bengal during 6 - 10 December, 2022.",18,2022-12-09 00:00:00,2022-12-09,0000,11.0,81.7,3.0,990.0,50.0,12.0,SCS
2022,13,MANDOUS,"Best track positions and other parameters of the severe cyclonic storm “MANDOUS” over Bay of Bengal during 6 - 10 December, 2022.",19,2022-12-09 00:00:00,2022-12-09,0000,12.8,80.0,,996.0,35.0,7.0,CS
2022,13,MANDOUS,"Best track positions and other parameters of the severe cyclonic storm “MANDOUS” over Bay of Bengal during 6 - 10 December, 2022.",19,2022-12-09 03:00:00,2022-12-09,0300,11.1,81.5,3.0,991.0,45.0,11.0,CS
2022,13,MANDOUS,"Best track positions and other parameters of the severe cyclonic storm “MANDOUS” over Bay of Bengal during 6 - 10 December, 2022.",19,2022-12-09 06:00:00,2022-12-09,0600,11.4,81.3,3.0,992.0,45.0,10.0,CS
2022,13,MANDOUS,"Best track positions and other parameters of the severe cyclonic storm “MANDOUS” over Bay of Bengal during 6 - 10 December, 2022.",19,2022-12-09 09:00:00,2022-12-09,0900,11.7,81.0,3.0,992.0,45.0,10.0,CS
2022,13,MANDOUS,"Best track positions and other parameters of the severe cyclonic storm “MANDOUS” over Bay of Bengal during 6 - 10 December, 2022.",19,2022-12-09 12:00:00,2022-12-09,1200,12.0,80.8,2.5,993.0,40.0,9.0,CS
2022,13,MANDOUS,"Best track positions and other parameters of the severe cyclonic storm “MANDOUS” over Bay of Bengal during 6 - 10 December, 2022.",19,2022-12-09 15:00:00,2022-12-09,1500,12.2,80.6,2.5,994.0,40.0,8.0,CS
2022,13,MANDOUS,"Best track positions and other parameters of the severe cyclonic storm “MANDOUS” over Bay of Bengal during 6 - 10 December, 2022.",19,2022-12-09 18:00:00,2022-12-09,1800,12.5,80.3,2.5,995.0,35.0,7.0,CS
2022,13,MANDOUS,"Best track positions and other parameters of the severe cyclonic storm “MANDOUS” over Bay of Bengal during 6 - 10 December, 2022.",19,2022-12-10 00:00:00,2022-12-10,0000,12.9,79.7,,998.0,30.0,5.0,DD
2022,13,MANDOUS,"Best track positions and other parameters of the severe cyclonic storm “MANDOUS” over Bay of Bengal during 6 - 10 December, 2022.",19,2022-12-10 00:00:00,2022-12-10,0000,12.8,79.5,,1000.0,30.0,4.0,DD
2022,13,MANDOUS,"Best track positions and other parameters of the severe cyclonic storm “MANDOUS” over Bay of Bengal during 6 - 10 December, 2022.",19,2022-12-10 00:00:00,2022-12-10,0000,12.7,79.3,,1002.0,25.0,3.0,D
2022,14,DEEP DEPRESSION,"Best track positions and other parameters of the Deep Depression over Arabian Sea during 14 - 17 December, 2022.",20,2022-12-14 09:00:00,2022-12-14,0900,13.5,69.6,1.5,1002.0,25.0,4.0,D
2022,14,DEEP DEPRESSION,"Best track positions and other parameters of the Deep Depression over Arabian Sea during 14 - 17 December, 2022.",20,2022-12-14 12:00:00,2022-12-14,1200,13.7,69.2,1.5,1002.0,25.0,4.0,D
2022,14,DEEP DEPRESSION,"Best track positions and other parameters of the Deep Depression over Arabian Sea during 14 - 17 December, 2022.",20,2022-12-14 18:00:00,2022-12-14,1800,13.8,68.7,1.5,1002.0,25.0,4.0,D
2022,14,DEEP DEPRESSION,"Best track positions and other parameters of the Deep Depression over Arabian Sea during 14 - 17 December, 2022.",20,2022-12-15 00:00:00,2022-12-15,0000,13.9,68.2,2.0,1000.0,30.0,5.0,DD
2022,14,DEEP DEPRESSION,"Best track positions and other parameters of the Deep Depression over Arabian Sea during 14 - 17 December, 2022.",20,2022-12-15 03:00:00,2022-12-15,0300,13.9,67.8,2.0,1000.0,30.0,5.0,DD
2022,14,DEEP DEPRESSION,"Best track positions and other parameters of the Deep Depression over Arabian Sea during 14 - 17 December, 2022.",20,2022-12-15 06:00:00,2022-12-15,0600,13.9,67.5,2.0,1000.0,30.0,5.0,DD
2022,14,DEEP DEPRESSION,"Best track positions and other parameters of the Deep Depression over Arabian Sea during 14 - 17 December, 2022.",20,2022-12-15 12:00:00,2022-12-15,1200,14.1,66.8,2.0,1000.0,30.0,5.0,DD
2022,14,DEEP DEPRESSION,"Best track positions and other parameters of the Deep Depression over Arabian Sea during 14 - 17 December, 2022.",20,2022-12-15 18:00:00,2022-12-15,1800,14.1,65.8,2.0,1000.0,30.0,5.0,DD
2022,14,DEEP DEPRESSION,"Best track positions and other parameters of the Deep Depression over Arabian Sea during 14 - 17 December, 2022.",20,2022-12-16 00:00:00,2022-12-16,0000,14.0,65.2,2.0,1000.0,30.0,5.0,DD
2022,14,DEEP DEPRESSION,"Best track positions and other parameters of the Deep Depression over Arabian Sea during 14 - 17 December, 2022.",20,2022-12-16 03:00:00,2022-12-16,0300,13.9,64.7,2.0,1000.0,30.0,5.0,DD
2022,14,DEEP DEPRESSION,"Best track positions and other parameters of the Deep Depression over Arabian Sea during 14 - 17 December, 2022.",20,2022-12-16 06:00:00,2022-12-16,0600,13.8,64.4,2.0,1000.0,30.0,5.0,DD
2022,14,DEEP DEPRESSION,"Best track positions and other parameters of the Deep Depression over Arabian Sea during 14 - 17 December, 2022.",20,2022-12-16 12:00:00,2022-12-16,1200,14.0,63.8,1.5,1002.0,25.0,4.0,D
2022,14,DEEP DEPRESSION,"Best track positions and other parameters of the Deep Depression over Arabian Sea during 14 - 17 December, 2022.",20,2022-12-16 18:00:00,2022-12-16,1800,14.1,63.0,1.5,1002.0,25.0,4.0,D
2022,14,DEEP DEPRESSION,"Best track positions and other parameters of the Deep Depression over Arabian Sea during 14 - 17 December, 2022.",20,2022-12-17 00:00:00,2022-12-17,0000,14.1,62.2,1.5,1002.0,25.0,4.0,D
2022,14,DEEP DEPRESSION,"Best track positions and other parameters of the Deep Depression over Arabian Sea during 14 - 17 December, 2022.",20,2022-12-17 03:00:00,2022-12-17,0300,14.0,61.9,1.5,1002.0,25.0,4.0,D
2022,14,DEEP DEPRESSION,"Best track positions and other parameters of the Deep Depression over Arabian Sea during 14 - 17 December, 2022.",20,2022-12-17 06:00:00,2022-12-17,0600,13.9,61.4,1.5,1002.0,25.0,4.0,D
2022,15,DEPRESSION,"Best track positions and other parameters of the Depression over southwest and adjoining southeast Bay of Bengal during 22 December- 25 December, 2022 Knots: kt, 1 kt = 1.85 kmph, Time in IST= Time in UTC + 0530 hrs",21,2022-12-22 03:00:00,2022-12-22,0300,9.0,85.0,1.5,1004.0,25.0,4.0,D
2022,15,DEPRESSION,"Best track positions and other parameters of the Depression over southwest and adjoining southeast Bay of Bengal during 22 December- 25 December, 2022 Knots: kt, 1 kt = 1.85 kmph, Time in IST= Time in UTC + 0530 hrs",21,2022-12-22 06:00:00,2022-12-22,0600,9.5,84.8,1.5,1004.0,25.0,4.0,D
2022,15,DEPRESSION,"Best track positions and other parameters of the Depression over southwest and adjoining southeast Bay of Bengal during 22 December- 25 December, 2022 Knots: kt, 1 kt = 1.85 kmph, Time in IST= Time in UTC + 0530 hrs",21,2022-12-22 12:00:00,2022-12-22,1200,9.8,84.5,1.5,1004.0,25.0,4.0,D
2022,15,DEPRESSION,"Best track positions and other parameters of the Depression over southwest and adjoining southeast Bay of Bengal during 22 December- 25 December, 2022 Knots: kt, 1 kt = 1.85 kmph, Time in IST= Time in UTC + 0530 hrs",21,2022-12-22 18:00:00,2022-12-22,1800,10.1,84.2,1.5,1004.0,25.0,4.0,D
2022,15,DEPRESSION,"Best track positions and other parameters of the Depression over southwest and adjoining southeast Bay of Bengal during 22 December- 25 December, 2022 Knots: kt, 1 kt = 1.85 kmph, Time in IST= Time in UTC + 0530 hrs",21,2022-12-23 00:00:00,2022-12-23,0000,10.1,84.2,1.5,1004.0,25.0,4.0,D
2022,15,DEPRESSION,"Best track positions and other parameters of the Depression over southwest and adjoining southeast Bay of Bengal during 22 December- 25 December, 2022 Knots: kt, 1 kt = 1.85 kmph, Time in IST= Time in UTC + 0530 hrs",21,2022-12-23 03:00:00,2022-12-23,0300,10.1,84.2,1.5,1004.0,25.0,4.0,D
2022,15,DEPRESSION,"Best track positions and other parameters of the Depression over southwest and adjoining southeast Bay of Bengal during 22 December- 25 December, 2022 Knots: kt, 1 kt = 1.85 kmph, Time in IST= Time in UTC + 0530 hrs",21,2022-12-23 06:00:00,2022-12-23,0600,10.4,84.8,1.5,1004.0,25.0,4.0,D
2022,15,DEPRESSION,"Best track positions and other parameters of the Depression over southwest and adjoining southeast Bay of Bengal during 22 December- 25 December, 2022 Knots: kt, 1 kt = 1.85 kmph, Time in IST= Time in UTC + 0530 hrs",21,2022-12-23 12:00:00,2022-12-23,1200,10.6,85.4,1.5,1004.0,25.0,4.0,D
2022,15,DEPRESSION,"Best track positions and other parameters of the Depression over southwest and adjoining southeast Bay of Bengal during 22 December- 25 December, 2022 Knots: kt, 1 kt = 1.85 kmph, Time in IST= Time in UTC + 0530 hrs",21,2022-12-23 18:00:00,2022-12-23,1800,10.4,85.3,1.5,1004.0,25.0,4.0,D
2022,15,DEPRESSION,"Best track positions and other parameters of the Depression over southwest and adjoining southeast Bay of Bengal during 22 December- 25 December, 2022 Knots: kt, 1 kt = 1.85 kmph, Time in IST= Time in UTC + 0530 hrs",21,2022-12-24 00:00:00,2022-12-24,0000,10.8,84.5,1.5,1004.0,25.0,4.0,D
2022,15,DEPRESSION,"Best track positions and other parameters of the Depression over southwest and adjoining southeast Bay of Bengal during 22 December- 25 December, 2022 Knots: kt, 1 kt = 1.85 kmph, Time in IST= Time in UTC + 0530 hrs",21,2022-12-24 03:00:00,2022-12-24,0300,10.7,84.2,1.5,1004.0,25.0,4.0,D
2022,15,DEPRESSION,"Best track positions and other parameters of the Depression over southwest and adjoining southeast Bay of Bengal during 22 December- 25 December, 2022 Knots: kt, 1 kt = 1.85 kmph, Time in IST= Time in UTC + 0530 hrs",21,2022-12-24 06:00:00,2022-12-24,0600,10.4,83.7,1.5,1004.0,25.0,4.0,D
2022,15,DEPRESSION,"Best track positions and other parameters of the Depression over southwest and adjoining southeast Bay of Bengal during 22 December- 25 December, 2022 Knots: kt, 1 kt = 1.85 kmph, Time in IST= Time in UTC + 0530 hrs",21,2022-12-24 12:00:00,2022-12-24,1200,9.7,83.0,1.5,1004.0,25.0,4.0,D
2022,15,DEPRESSION,"Best track positions and other parameters of the Depression over southwest and adjoining southeast Bay of Bengal during 22 December- 25 December, 2022 Knots: kt, 1 kt = 1.85 kmph, Time in IST= Time in UTC + 0530 hrs",21,2022-12-24 18:00:00,2022-12-24,1800,9.3,82.5,1.5,1004.0,25.0,4.0,D
2022,15,DEPRESSION,"Best track positions and other parameters of the Depression over southwest and adjoining southeast Bay of Bengal during 22 December- 25 December, 2022 Knots: kt, 1 kt = 1.85 kmph, Time in IST= Time in UTC + 0530 hrs",21,2022-12-25 00:00:00,2022-12-25,0000,9.0,82.2,1.5,1004.0,25.0,4.0,D
2022,15,DEPRESSION,"Best track positions and other parameters of the Depression over southwest and adjoining southeast Bay of Bengal during 22 December- 25 December, 2022 Knots: kt, 1 kt = 1.85 kmph, Time in IST= Time in UTC + 0530 hrs",21,2022-12-25 03:00:00,2022-12-25,0300,8.8,82.0,1.5,1004.0,25.0,4.0,D
2022,15,DEPRESSION,"Best track positions and other parameters of the Depression over southwest and adjoining southeast Bay of Bengal during 22 December- 25 December, 2022 Knots: kt, 1 kt = 1.85 kmph, Time in IST= Time in UTC + 0530 hrs",21,2022-12-25 06:00:00,2022-12-25,0600,8.5,81.6,1.5,1004.0,25.0,4.0,D
2023,1,DEPRESSION,"Best track positions and other parameters of the Depression over Southwest Bay of Bengal during 30 January - 02 February, 2023.",2,2023-01-30 03:00:00,2023-01-30,0300,7.7,87.2,1.5,1004.0,25.0,4.0,D
2023,1,DEPRESSION,"Best track positions and other parameters of the Depression over Southwest Bay of Bengal during 30 January - 02 February, 2023.",2,2023-01-30 06:00:00,2023-01-30,0600,7.9,86.6,1.5,1004.0,25.0,4.0,D
2023,1,DEPRESSION,"Best track positions and other parameters of the Depression over Southwest Bay of Bengal during 30 January - 02 February, 2023.",2,2023-01-30 12:00:00,2023-01-30,1200,8.0,86.0,1.5,1004.0,25.0,4.0,D
2023,1,DEPRESSION,"Best track positions and other parameters of the Depression over Southwest Bay of Bengal during 30 January - 02 February, 2023.",2,2023-01-30 18:00:00,2023-01-30,1800,8.1,85.3,1.5,1004.0,25.0,4.0,D
2023,1,DEPRESSION,"Best track positions and other parameters of the Depression over Southwest Bay of Bengal during 30 January - 02 February, 2023.",2,2023-01-31 00:00:00,2023-01-31,0000,8.2,84.8,1.5,1004.0,25.0,4.0,D
2023,1,DEPRESSION,"Best track positions and other parameters of the Depression over Southwest Bay of Bengal during 30 January - 02 February, 2023.",2,2023-01-31 03:00:00,2023-01-31,0300,8.4,84.3,1.5,1004.0,25.0,4.0,D
2023,1,DEPRESSION,"Best track positions and other parameters of the Depression over Southwest Bay of Bengal during 30 January - 02 February, 2023.",2,2023-01-31 06:00:00,2023-01-31,0600,8.6,83.9,1.5,1004.0,25.0,4.0,D
2023,1,DEPRESSION,"Best track positions and other parameters of the Depression over Southwest Bay of Bengal during 30 January - 02 February, 2023.",2,2023-01-31 12:00:00,2023-01-31,1200,8.6,83.5,1.5,1004.0,25.0,4.0,D
2023,1,DEPRESSION,"Best track positions and other parameters of the Depression over Southwest Bay of Bengal during 30 January - 02 February, 2023.",2,2023-01-31 18:00:00,2023-01-31,1800,8.3,82.9,1.5,1004.0,25.0,4.0,D
2023,1,DEPRESSION,"Best track positions and other parameters of the Depression over Southwest Bay of Bengal during 30 January - 02 February, 2023.",2,2023-02-01 00:00:00,2023-02-01,0000,8.2,82.7,1.5,1004.0,25.0,4.0,D
2023,1,DEPRESSION,"Best track positions and other parameters of the Depression over Southwest Bay of Bengal during 30 January - 02 February, 2023.",2,2023-02-01 03:00:00,2023-02-01,0300,8.2,82.5,1.5,1004.0,25.0,4.0,D
2023,1,DEPRESSION,"Best track positions and other parameters of the Depression over Southwest Bay of Bengal during 30 January - 02 February, 2023.",2,2023-02-01 06:00:00,2023-02-01,0600,8.2,82.5,1.5,1004.0,25.0,4.0,D
2023,1,DEPRESSION,"Best track positions and other parameters of the Depression over Southwest Bay of Bengal during 30 January - 02 February, 2023.",2,2023-02-01 12:00:00,2023-02-01,1200,8.2,82.3,1.5,1004.0,25.0,4.0,D
2023,1,DEPRESSION,"Best track positions and other parameters of the Depression over Southwest Bay of Bengal during 30 January - 02 February, 2023.",2,2023-02-01 18:00:00,2023-02-01,1800,8.1,82.1,1.5,1004.0,25.0,4.0,D
2023,1,DEPRESSION,"Best track positions and other parameters of the Depression over Southwest Bay of Bengal during 30 January - 02 February, 2023.",3,2023-02-02 00:00:00,2023-02-02,0000,7.6,81.4,,1004.0,25.0,4.0,D
2023,1,DEPRESSION,"Best track positions and other parameters of the Depression over Southwest Bay of Bengal during 30 January - 02 February, 2023.",3,2023-02-02 00:00:00,2023-02-02,0000,7.2,81.1,,1004.0,20.0,4.0,D
2023,1,DEPRESSION,"Best track positions and other parameters of the Depression over Southwest Bay of Bengal during 30 January - 02 February, 2023.",3,2023-02-02 00:00:00,2023-02-02,0000,6.8,80.8,,1006.0,20.0,4.0,D
2023,1,DEPRESSION,"Best track positions and other parameters of the Depression over Southwest Bay of Bengal during 30 January - 02 February, 2023.",3,2023-02-02 00:00:00,2023-02-02,0000,6.3,80.3,,1006.0,20.0,4.0,D
2023,2,MOCHA,"Best track positions and other parameters of the Extremely Severe Cyclonic Storm MOCHA over BoB during 09th – 15th May, 2023",4,2023-05-09 12:00:00,2023-05-09,1200,8.3,89.5,1.5,1002.0,25.0,3.0,D
2023,2,MOCHA,"Best track positions and other parameters of the Extremely Severe Cyclonic Storm MOCHA over BoB during 09th – 15th May, 2023",4,2023-05-09 18:00:00,2023-05-09,1800,8.5,89.3,1.5,1002.0,25.0,3.0,D
2023,2,MOCHA,"Best track positions and other parameters of the Extremely Severe Cyclonic Storm MOCHA over BoB during 09th – 15th May, 2023",4,2023-05-10 00:00:00,2023-05-10,0000,8.5,89.0,2.0,1000.0,30.0,4.0,DD
2023,2,MOCHA,"Best track positions and other parameters of the Extremely Severe Cyclonic Storm MOCHA over BoB during 09th – 15th May, 2023",4,2023-05-10 03:00:00,2023-05-10,0300,8.8,88.9,2.0,1000.0,30.0,4.0,DD
2023,2,MOCHA,"Best track positions and other parameters of the Extremely Severe Cyclonic Storm MOCHA over BoB during 09th – 15th May, 2023",4,2023-05-10 06:00:00,2023-05-10,0600,9.1,88.7,2.0,999.0,30.0,4.0,DD
2023,2,MOCHA,"Best track positions and other parameters of the Extremely Severe Cyclonic Storm MOCHA over BoB during 09th – 15th May, 2023",4,2023-05-10 12:00:00,2023-05-10,1200,10.0,88.4,2.0,998.0,30.0,5.0,DD
2023,2,MOCHA,"Best track positions and other parameters of the Extremely Severe Cyclonic Storm MOCHA over BoB during 09th – 15th May, 2023",4,2023-05-10 18:00:00,2023-05-10,1800,10.8,88.2,2.0,998.0,30.0,5.0,DD
2023,2,MOCHA,"Best track positions and other parameters of the Extremely Severe Cyclonic Storm MOCHA over BoB during 09th – 15th May, 2023",4,2023-05-11 00:00:00,2023-05-11,0000,11.2,88.1,2.5,997.0,35.0,6.0,CS
2023,2,MOCHA,"Best track positions and other parameters of the Extremely Severe Cyclonic Storm MOCHA over BoB during 09th – 15th May, 2023",4,2023-05-11 03:00:00,2023-05-11,0300,11.4,88.0,2.5,996.0,35.0,7.0,CS
2023,2,MOCHA,"Best track positions and other parameters of the Extremely Severe Cyclonic Storm MOCHA over BoB during 09th – 15th May, 2023",4,2023-05-11 06:00:00,2023-05-11,0600,11.6,88.0,3.0,996.0,45.0,10.0,CS
2023,2,MOCHA,"Best track positions and other parameters of the Extremely Severe Cyclonic Storm MOCHA over BoB during 09th – 15th May, 2023",4,2023-05-11 09:00:00,2023-05-11,0900,11.8,88.0,3.0,996.0,45.0,10.0,CS
2023,2,MOCHA,"Best track positions and other parameters of the Extremely Severe Cyclonic Storm MOCHA over BoB during 09th – 15th May, 2023",4,2023-05-11 12:00:00,2023-05-11,1200,12.2,88.0,3.0,994.0,50.0,12.0,SCS
2023,2,MOCHA,"Best track positions and other parameters of the Extremely Severe Cyclonic Storm MOCHA over BoB during 09th – 15th May, 2023",4,2023-05-11 15:00:00,2023-05-11,1500,12.5,88.1,3.5,992.0,50.0,12.0,SCS
2023,2,MOCHA,"Best track positions and other parameters of the Extremely Severe Cyclonic Storm MOCHA over BoB during 09th – 15th May, 2023",4,2023-05-11 18:00:00,2023-05-11,1800,12.7,88.1,3.5,992.0,50.0,12.0,SCS
2023,2,MOCHA,"Best track positions and other parameters of the Extremely Severe Cyclonic Storm MOCHA over BoB during 09th – 15th May, 2023",4,2023-05-11 21:00:00,2023-05-11,2100,12.9,88.1,3.5,986.0,60.0,18.0,SCS
2023,2,MOCHA,"Best track positions and other parameters of the Extremely Severe Cyclonic Storm MOCHA over BoB during 09th – 15th May, 2023",4,2023-05-12 00:00:00,2023-05-12,0000,13.2,88.1,4.0,982.0,65.0,22.0,VSCS
2023,2,MOCHA,"Best track positions and other parameters of the Extremely Severe Cyclonic Storm MOCHA over BoB during 09th – 15th May, 2023",4,2023-05-12 03:00:00,2023-05-12,0300,13.6,88.2,4.0,982.0,65.0,22.0,VSCS
2023,2,MOCHA,"Best track positions and other parameters of the Extremely Severe Cyclonic Storm MOCHA over BoB during 09th – 15th May, 2023",4,2023-05-12 06:00:00,2023-05-12,0600,14.0,88.3,4.5,974.0,75.0,30.0,VSCS
2023,2,MOCHA,"Best track positions and other parameters of the Extremely Severe Cyclonic Storm MOCHA over BoB during 09th – 15th May, 2023",4,2023-05-12 09:00:00,2023-05-12,0900,14.3,88.4,5.0,970.0,85.0,36.0,VSCS
2023,2,MOCHA,"Best track positions and other parameters of the Extremely Severe Cyclonic Storm MOCHA over BoB during 09th – 15th May, 2023",4,2023-05-12 12:00:00,2023-05-12,1200,14.6,88.6,5.0,970.0,85.0,36.0,VSCS
2023,2,MOCHA,"Best track positions and other parameters of the Extremely Severe Cyclonic Storm MOCHA over BoB during 09th – 15th May, 2023",4,2023-05-12 15:00:00,2023-05-12,1500,14.8,88.7,5.5,964.0,90.0,40.0,ESCS
2023,2,MOCHA,"Best track positions and other parameters of the Extremely Severe Cyclonic Storm MOCHA over BoB during 09th – 15th May, 2023",4,2023-05-12 18:00:00,2023-05-12,1800,15.1,88.8,5.5,954.0,100.0,50.0,ESCS
2023,2,MOCHA,"Best track positions and other parameters of the Extremely Severe Cyclonic Storm MOCHA over BoB during 09th – 15th May, 2023",4,2023-05-12 21:00:00,2023-05-12,2100,15.2,88.9,5.5,954.0,100.0,50.0,ESCS
2023,2,MOCHA,"Best track positions and other parameters of the Extremely Severe Cyclonic Storm MOCHA over BoB during 09th – 15th May, 2023",4,2023-05-13 00:00:00,2023-05-13,0000,15.4,89.1,5.5,954.0,100.0,50.0,ESCS
2023,2,MOCHA,"Best track positions and other parameters of the Extremely Severe Cyclonic Storm MOCHA over BoB during 09th – 15th May, 2023",4,2023-05-13 03:00:00,2023-05-13,0300,15.7,89.5,5.5,954.0,100.0,50.0,ESCS
2023,2,MOCHA,"Best track positions and other parameters of the Extremely Severe Cyclonic Storm MOCHA over BoB during 09th – 15th May, 2023",4,2023-05-13 09:00:00,2023-05-13,0900,16.0,90.0,5.5,950.0,105.0,54.0,ESCS
2023,2,MOCHA,"Best track positions and other parameters of the Extremely Severe Cyclonic Storm MOCHA over BoB during 09th – 15th May, 2023",4,2023-05-13 09:00:00,2023-05-13,0900,16.4,90.3,5.5,950.0,105.0,54.0,ESCS
2023,2,MOCHA,"Best track positions and other parameters of the Extremely Severe Cyclonic Storm MOCHA over BoB during 09th – 15th May, 2023",4,2023-05-13 12:00:00,2023-05-13,1200,16.9,90.8,6.0,944.0,110.0,60.0,ESCS
2023,2,MOCHA,"Best track positions and other parameters of the Extremely Severe Cyclonic Storm MOCHA over BoB during 09th – 15th May, 2023",4,2023-05-13 15:00:00,2023-05-13,1500,17.4,90.9,6.0,944.0,110.0,60.0,ESCS
2023,2,MOCHA,"Best track positions and other parameters of the Extremely Severe Cyclonic Storm MOCHA over BoB during 09th – 15th May, 2023",4,2023-05-13 18:00:00,2023-05-13,1800,17.9,91.0,6.0,938.0,115.0,66.0,ESCS
2023,2,MOCHA,"Best track positions and other parameters of the Extremely Severe Cyclonic Storm MOCHA over BoB during 09th – 15th May, 2023",4,2023-05-13 21:00:00,2023-05-13,2100,18.3,91.3,6.0,938.0,115.0,66.0,ESCS
2023,2,MOCHA,"Best track positions and other parameters of the Extremely Severe Cyclonic Storm MOCHA over BoB during 09th – 15th May, 2023",4,2023-05-14 00:00:00,2023-05-14,0000,18.7,91.5,6.0,938.0,115.0,66.0,ESCS
2023,2,MOCHA,"Best track positions and other parameters of the Extremely Severe Cyclonic Storm MOCHA over BoB during 09th – 15th May, 2023",5,2023-05-14 00:00:00,2023-05-14,0000,20.5,92.9,,964.0,90.0,40.0,ESCS
2023,2,MOCHA,"Best track positions and other parameters of the Extremely Severe Cyclonic Storm MOCHA over BoB during 09th – 15th May, 2023",5,2023-05-14 00:00:00,2023-05-14,0000,21.1,93.3,,974.0,75.0,30.0,VSCS
2023,2,MOCHA,"Best track positions and other parameters of the Extremely Severe Cyclonic Storm MOCHA over BoB during 09th – 15th May, 2023",5,2023-05-14 00:00:00,2023-05-14,0000,21.8,93.8,,984.0,60.0,18.0,SCS
2023,2,MOCHA,"Best track positions and other parameters of the Extremely Severe Cyclonic Storm MOCHA over BoB during 09th – 15th May, 2023",5,2023-05-14 00:00:00,2023-05-14,0000,22.7,94.6,,992.0,50.0,12.0,SCS
2023,2,MOCHA,"Best track positions and other parameters of the Extremely Severe Cyclonic Storm MOCHA over BoB during 09th – 15th May, 2023",5,2023-05-14 00:00:00,2023-05-14,0000,23.5,95.3,,996.0,35.0,6.0,CS
2023,2,MOCHA,"Best track positions and other parameters of the Extremely Severe Cyclonic Storm MOCHA over BoB during 09th – 15th May, 2023",4,2023-05-14 03:00:00,2023-05-14,0300,19.3,91.9,6.0,944.0,110.0,60.0,ESCS
2023,2,MOCHA,"Best track positions and other parameters of the Extremely Severe Cyclonic Storm MOCHA over BoB during 09th – 15th May, 2023",4,2023-05-14 06:00:00,2023-05-14,0600,19.9,92.5,5.5,952.0,100.0,52.0,ESCS
2023,2,MOCHA,"Best track positions and other parameters of the Extremely Severe Cyclonic Storm MOCHA over BoB during 09th – 15th May, 2023",5,2023-05-15 00:00:00,2023-05-15,0000,23.9,97.8,,1000.0,25.0,3.0,D
2023,3,BIPARJOY,"Best track positions and other parameters of the Extremely Severe Cyclonic Storm “BIPARJOY” over Arabian Sea during 06th – 19th June, 2023",6,2023-06-06 00:00:00,2023-06-06,0000,11.3,66.0,1.5,1000.0,25.0,3.0,D
2023,3,BIPARJOY,"Best track positions and other parameters of the Extremely Severe Cyclonic Storm “BIPARJOY” over Arabian Sea during 06th – 19th June, 2023",6,2023-06-06 03:00:00,2023-06-06,0300,11.5,66.0,1.5,1000.0,25.0,3.0,D
2023,3,BIPARJOY,"Best track positions and other parameters of the Extremely Severe Cyclonic Storm “BIPARJOY” over Arabian Sea during 06th – 19th June, 2023",6,2023-06-06 06:00:00,2023-06-06,0600,11.9,66.0,2.0,999.0,30.0,5.0,DD
2023,3,BIPARJOY,"Best track positions and other parameters of the Extremely Severe Cyclonic Storm “BIPARJOY” over Arabian Sea during 06th – 19th June, 2023",6,2023-06-06 12:00:00,2023-06-06,1200,12.1,66.0,2.5,998.0,35.0,6.0,CS
2023,3,BIPARJOY,"Best track positions and other parameters of the Extremely Severe Cyclonic Storm “BIPARJOY” over Arabian Sea during 06th – 19th June, 2023",6,2023-06-06 15:00:00,2023-06-06,1500,12.3,66.0,2.5,998.0,35.0,7.0,CS
2023,3,BIPARJOY,"Best track positions and other parameters of the Extremely Severe Cyclonic Storm “BIPARJOY” over Arabian Sea during 06th – 19th June, 2023",6,2023-06-06 18:00:00,2023-06-06,1800,12.5,66.0,2.5,996.0,40.0,8.0,CS
2023,3,BIPARJOY,"Best track positions and other parameters of the Extremely Severe Cyclonic Storm “BIPARJOY” over Arabian Sea during 06th – 19th June, 2023",6,2023-06-06 21:00:00,2023-06-06,2100,12.5,66.0,3.0,996.0,45.0,10.0,CS
2023,3,BIPARJOY,"Best track positions and other parameters of the Extremely Severe Cyclonic Storm “BIPARJOY” over Arabian Sea during 06th – 19th June, 2023",6,2023-06-07 00:00:00,2023-06-07,0000,12.6,66.1,3.5,990.0,55.0,15.0,SCS
2023,3,BIPARJOY,"Best track positions and other parameters of the Extremely Severe Cyclonic Storm “BIPARJOY” over Arabian Sea during 06th – 19th June, 2023",6,2023-06-07 03:00:00,2023-06-07,0300,12.7,66.2,3.5,988.0,60.0,18.0,SCS
2023,3,BIPARJOY,"Best track positions and other parameters of the Extremely Severe Cyclonic Storm “BIPARJOY” over Arabian Sea during 06th – 19th June, 2023",6,2023-06-07 06:00:00,2023-06-07,0600,12.8,66.3,4.0,983.0,65.0,21.0,VSCS
2023,3,BIPARJOY,"Best track positions and other parameters of the Extremely Severe Cyclonic Storm “BIPARJOY” over Arabian Sea during 06th – 19th June, 2023",6,2023-06-07 09:00:00,2023-06-07,0900,13.1,66.3,4.0,983.0,65.0,21.0,VSCS
2023,3,BIPARJOY,"Best track positions and other parameters of the Extremely Severe Cyclonic Storm “BIPARJOY” over Arabian Sea during 06th – 19th June, 2023",6,2023-06-07 12:00:00,2023-06-07,1200,13.3,66.2,4.0,983.0,65.0,22.0,VSCS
2023,3,BIPARJOY,"Best track positions and other parameters of the Extremely Severe Cyclonic Storm “BIPARJOY” over Arabian Sea during 06th – 19th June, 2023",6,2023-06-07 15:00:00,2023-06-07,1500,13.4,66.2,4.0,983.0,65.0,22.0,VSCS
2023,3,BIPARJOY,"Best track positions and other parameters of the Extremely Severe Cyclonic Storm “BIPARJOY” over Arabian Sea during 06th – 19th June, 2023",6,2023-06-07 18:00:00,2023-06-07,1800,13.6,66.0,4.0,980.0,70.0,24.0,VSCS
2023,3,BIPARJOY,"Best track positions and other parameters of the Extremely Severe Cyclonic Storm “BIPARJOY” over Arabian Sea during 06th – 19th June, 2023",6,2023-06-07 21:00:00,2023-06-07,2100,13.7,66.0,4.0,980.0,70.0,26.0,VSCS
2023,3,BIPARJOY,"Best track positions and other parameters of the Extremely Severe Cyclonic Storm “BIPARJOY” over Arabian Sea during 06th – 19th June, 2023",6,2023-06-08 00:00:00,2023-06-08,0000,13.9,66.0,4.5,978.0,75.0,28.0,VSCS
2023,3,BIPARJOY,"Best track positions and other parameters of the Extremely Severe Cyclonic Storm “BIPARJOY” over Arabian Sea during 06th – 19th June, 2023",6,2023-06-08 03:00:00,2023-06-08,0300,14.0,66.0,4.5,978.0,75.0,28.0,VSCS
2023,3,BIPARJOY,"Best track positions and other parameters of the Extremely Severe Cyclonic Storm “BIPARJOY” over Arabian Sea during 06th – 19th June, 2023",6,2023-06-08 06:00:00,2023-06-08,0600,14.1,66.0,4.5,978.0,75.0,28.0,VSCS
2023,3,BIPARJOY,"Best track positions and other parameters of the Extremely Severe Cyclonic Storm “BIPARJOY” over Arabian Sea during 06th – 19th June, 2023",6,2023-06-08 09:00:00,2023-06-08,0900,14.3,66.0,4.5,978.0,75.0,28.0,VSCS
2023,3,BIPARJOY,"Best track positions and other parameters of the Extremely Severe Cyclonic Storm “BIPARJOY” over Arabian Sea during 06th – 19th June, 2023",6,2023-06-08 12:00:00,2023-06-08,1200,14.4,66.0,4.5,978.0,75.0,28.0,VSCS
2023,3,BIPARJOY,"Best track positions and other parameters of the Extremely Severe Cyclonic Storm “BIPARJOY” over Arabian Sea during 06th – 19th June, 2023",6,2023-06-08 15:00:00,2023-06-08,1500,14.5,66.0,4.5,978.0,75.0,28.0,VSCS
2023,3,BIPARJOY,"Best track positions and other parameters of the Extremely Severe Cyclonic Storm “BIPARJOY” over Arabian Sea during 06th – 19th June, 2023",6,2023-06-08 18:00:00,2023-06-08,1800,14.6,66.0,4.5,978.0,75.0,28.0,VSCS
2023,3,BIPARJOY,"Best track positions and other parameters of the Extremely Severe Cyclonic Storm “BIPARJOY” over Arabian Sea during 06th – 19th June, 2023",6,2023-06-08 21:00:00,2023-06-08,2100,14.6,66.0,4.5,978.0,75.0,28.0,VSCS
2023,3,BIPARJOY,"Best track positions and other parameters of the Extremely Severe Cyclonic Storm “BIPARJOY” over Arabian Sea during 06th – 19th June, 2023",6,2023-06-09 00:00:00,2023-06-09,0000,14.7,66.2,4.5,978.0,75.0,28.0,VSCS
2023,3,BIPARJOY,"Best track positions and other parameters of the Extremely Severe Cyclonic Storm “BIPARJOY” over Arabian Sea during 06th – 19th June, 2023",6,2023-06-09 03:00:00,2023-06-09,0300,14.8,66.4,4.0,980.0,70.0,24.0,VSCS
2023,3,BIPARJOY,"Best track positions and other parameters of the Extremely Severe Cyclonic Storm “BIPARJOY” over Arabian Sea during 06th – 19th June, 2023",6,2023-06-09 06:00:00,2023-06-09,0600,15.0,66.6,4.0,980.0,70.0,24.0,VSCS
2023,3,BIPARJOY,"Best track positions and other parameters of the Extremely Severe Cyclonic Storm “BIPARJOY” over Arabian Sea during 06th – 19th June, 2023",6,2023-06-09 09:00:00,2023-06-09,0900,15.3,66.9,4.0,980.0,70.0,24.0,VSCS
2023,3,BIPARJOY,"Best track positions and other parameters of the Extremely Severe Cyclonic Storm “BIPARJOY” over Arabian Sea during 06th – 19th June, 2023",6,2023-06-09 12:00:00,2023-06-09,1200,15.5,67.1,4.0,982.0,65.0,24.0,VSCS
2023,3,BIPARJOY,"Best track positions and other parameters of the Extremely Severe Cyclonic Storm “BIPARJOY” over Arabian Sea during 06th – 19th June, 2023",6,2023-06-09 15:00:00,2023-06-09,1500,15.7,67.3,4.0,982.0,65.0,24.0,VSCS
2023,3,BIPARJOY,"Best track positions and other parameters of the Extremely Severe Cyclonic Storm “BIPARJOY” over Arabian Sea during 06th – 19th June, 2023",7,2023-06-09 18:00:00,2023-06-09,1800,16.0,67.4,4.0,978.0,70.0,24.0,VSCS
2023,3,BIPARJOY,"Best track positions and other parameters of the Extremely Severe Cyclonic Storm “BIPARJOY” over Arabian Sea during 06th – 19th June, 2023",7,2023-06-09 21:00:00,2023-06-09,2100,16.3,67.4,4.0,976.0,70.0,24.0,VSCS
2023,3,BIPARJOY,"Best track positions and other parameters of the Extremely Severe Cyclonic Storm “BIPARJOY” over Arabian Sea during 06th – 19th June, 2023",7,2023-06-10 00:00:00,2023-06-10,0000,16.5,67.4,4.5,974.0,75.0,28.0,VSCS
2023,3,BIPARJOY,"Best track positions and other parameters of the Extremely Severe Cyclonic Storm “BIPARJOY” over Arabian Sea during 06th – 19th June, 2023",7,2023-06-10 03:00:00,2023-06-10,0300,16.7,67.4,4.5,972.0,75.0,28.0,VSCS
2023,3,BIPARJOY,"Best track positions and other parameters of the Extremely Severe Cyclonic Storm “BIPARJOY” over Arabian Sea during 06th – 19th June, 2023",7,2023-06-10 06:00:00,2023-06-10,0600,16.8,67.4,4.5,970.0,75.0,28.0,VSCS
2023,3,BIPARJOY,"Best track positions and other parameters of the Extremely Severe Cyclonic Storm “BIPARJOY” over Arabian Sea during 06th – 19th June, 2023",7,2023-06-10 09:00:00,2023-06-10,0900,16.9,67.4,4.5,966.0,80.0,32.0,VSCS
2023,3,BIPARJOY,"Best track positions and other parameters of the Extremely Severe Cyclonic Storm “BIPARJOY” over Arabian Sea during 06th – 19th June, 2023",7,2023-06-10 12:00:00,2023-06-10,1200,17.1,67.3,4.5,964.0,80.0,32.0,VSCS
2023,3,BIPARJOY,"Best track positions and other parameters of the Extremely Severe Cyclonic Storm “BIPARJOY” over Arabian Sea during 06th – 19th June, 2023",7,2023-06-10 15:00:00,2023-06-10,1500,17.3,67.3,4.5,964.0,80.0,32.0,VSCS
2023,3,BIPARJOY,"Best track positions and other parameters of the Extremely Severe Cyclonic Storm “BIPARJOY” over Arabian Sea during 06th – 19th June, 2023",7,2023-06-10 18:00:00,2023-06-10,1800,17.4,67.3,4.5,962.0,85.0,36.0,VSCS
2023,3,BIPARJOY,"Best track positions and other parameters of the Extremely Severe Cyclonic Storm “BIPARJOY” over Arabian Sea during 06th – 19th June, 2023",7,2023-06-10 21:00:00,2023-06-10,2100,17.6,67.3,4.5,962.0,85.0,36.0,VSCS
2023,3,BIPARJOY,"Best track positions and other parameters of the Extremely Severe Cyclonic Storm “BIPARJOY” over Arabian Sea during 06th – 19th June, 2023",7,2023-06-11 00:00:00,2023-06-11,0000,17.9,67.4,5.0,960.0,90.0,40.0,ESCS
2023,3,BIPARJOY,"Best track positions and other parameters of the Extremely Severe Cyclonic Storm “BIPARJOY” over Arabian Sea during 06th – 19th June, 2023",7,2023-06-11 03:00:00,2023-06-11,0300,18.0,67.6,5.0,958.0,90.0,40.0,ESCS
2023,3,BIPARJOY,"Best track positions and other parameters of the Extremely Severe Cyclonic Storm “BIPARJOY” over Arabian Sea during 06th – 19th June, 2023",7,2023-06-11 06:00:00,2023-06-11,0600,18.2,67.7,5.0,958.0,90.0,40.0,ESCS
2023,3,BIPARJOY,"Best track positions and other parameters of the Extremely Severe Cyclonic Storm “BIPARJOY” over Arabian Sea during 06th – 19th June, 2023",7,2023-06-11 09:00:00,2023-06-11,0900,18.4,67.7,5.0,958.0,90.0,40.0,ESCS
2023,3,BIPARJOY,"Best track positions and other parameters of the Extremely Severe Cyclonic Storm “BIPARJOY” over Arabian Sea during 06th – 19th June, 2023",7,2023-06-11 12:00:00,2023-06-11,1200,18.6,67.7,5.0,958.0,90.0,40.0,ESCS
2023,3,BIPARJOY,"Best track positions and other parameters of the Extremely Severe Cyclonic Storm “BIPARJOY” over Arabian Sea during 06th – 19th June, 2023",7,2023-06-11 15:00:00,2023-06-11,1500,18.7,67.7,5.0,958.0,90.0,40.0,ESCS
2023,3,BIPARJOY,"Best track positions and other parameters of the Extremely Severe Cyclonic Storm “BIPARJOY” over Arabian Sea during 06th – 19th June, 2023",7,2023-06-11 18:00:00,2023-06-11,1800,18.9,67.7,5.0,958.0,90.0,40.0,ESCS
2023,3,BIPARJOY,"Best track positions and other parameters of the Extremely Severe Cyclonic Storm “BIPARJOY” over Arabian Sea during 06th – 19th June, 2023",7,2023-06-11 21:00:00,2023-06-11,2100,19.0,67.7,5.0,958.0,90.0,40.0,ESCS
2023,3,BIPARJOY,"Best track positions and other parameters of the Extremely Severe Cyclonic Storm “BIPARJOY” over Arabian Sea during 06th – 19th June, 2023",7,2023-06-12 00:00:00,2023-06-12,0000,19.2,67.7,5.0,958.0,90.0,40.0,ESCS
2023,3,BIPARJOY,"Best track positions and other parameters of the Extremely Severe Cyclonic Storm “BIPARJOY” over Arabian Sea during 06th – 19th June, 2023",7,2023-06-12 03:00:00,2023-06-12,0300,19.4,67.7,5.0,958.0,90.0,40.0,ESCS
2023,3,BIPARJOY,"Best track positions and other parameters of the Extremely Severe Cyclonic Storm “BIPARJOY” over Arabian Sea during 06th – 19th June, 2023",7,2023-06-12 06:00:00,2023-06-12,0600,19.6,67.6,5.0,958.0,90.0,40.0,ESCS
2023,3,BIPARJOY,"Best track positions and other parameters of the Extremely Severe Cyclonic Storm “BIPARJOY” over Arabian Sea during 06th – 19th June, 2023",7,2023-06-12 09:00:00,2023-06-12,0900,19.7,67.5,5.0,958.0,90.0,40.0,ESCS
2023,3,BIPARJOY,"Best track positions and other parameters of the Extremely Severe Cyclonic Storm “BIPARJOY” over Arabian Sea during 06th – 19th June, 2023",7,2023-06-12 12:00:00,2023-06-12,1200,19.9,67.3,5.0,960.0,90.0,40.0,ESCS
2023,3,BIPARJOY,"Best track positions and other parameters of the Extremely Severe Cyclonic Storm “BIPARJOY” over Arabian Sea during 06th – 19th June, 2023",7,2023-06-12 15:00:00,2023-06-12,1500,20.0,67.2,5.0,960.0,90.0,40.0,ESCS
2023,3,BIPARJOY,"Best track positions and other parameters of the Extremely Severe Cyclonic Storm “BIPARJOY” over Arabian Sea during 06th – 19th June, 2023",7,2023-06-12 18:00:00,2023-06-12,1800,20.1,67.2,4.5,962.0,85.0,36.0,VSCS
2023,3,BIPARJOY,"Best track positions and other parameters of the Extremely Severe Cyclonic Storm “BIPARJOY” over Arabian Sea during 06th – 19th June, 2023",7,2023-06-12 21:00:00,2023-06-12,2100,20.3,67.2,4.5,962.0,85.0,36.0,VSCS
2023,3,BIPARJOY,"Best track positions and other parameters of the Extremely Severe Cyclonic Storm “BIPARJOY” over Arabian Sea during 06th – 19th June, 2023",7,2023-06-13 00:00:00,2023-06-13,0000,20.6,67.0,4.5,962.0,85.0,36.0,VSCS
2023,3,BIPARJOY,"Best track positions and other parameters of the Extremely Severe Cyclonic Storm “BIPARJOY” over Arabian Sea during 06th – 19th June, 2023",7,2023-06-13 03:00:00,2023-06-13,0300,20.9,66.9,4.5,962.0,85.0,36.0,VSCS
2023,3,BIPARJOY,"Best track positions and other parameters of the Extremely Severe Cyclonic Storm “BIPARJOY” over Arabian Sea during 06th – 19th June, 2023",7,2023-06-13 06:00:00,2023-06-13,0600,21.0,66.7,4.5,962.0,85.0,36.0,VSCS
2023,3,BIPARJOY,"Best track positions and other parameters of the Extremely Severe Cyclonic Storm “BIPARJOY” over Arabian Sea during 06th – 19th June, 2023",7,2023-06-13 09:00:00,2023-06-13,0900,21.1,66.5,4.5,962.0,85.0,36.0,VSCS
2023,3,BIPARJOY,"Best track positions and other parameters of the Extremely Severe Cyclonic Storm “BIPARJOY” over Arabian Sea during 06th – 19th June, 2023",7,2023-06-13 12:00:00,2023-06-13,1200,21.3,66.5,4.5,962.0,85.0,36.0,VSCS
2023,3,BIPARJOY,"Best track positions and other parameters of the Extremely Severe Cyclonic Storm “BIPARJOY” over Arabian Sea during 06th – 19th June, 2023",7,2023-06-13 15:00:00,2023-06-13,1500,21.4,66.4,4.5,962.0,85.0,36.0,VSCS
2023,3,BIPARJOY,"Best track positions and other parameters of the Extremely Severe Cyclonic Storm “BIPARJOY” over Arabian Sea during 06th – 19th June, 2023",7,2023-06-13 18:00:00,2023-06-13,1800,21.7,66.3,4.5,962.0,85.0,36.0,VSCS
2023,3,BIPARJOY,"Best track positions and other parameters of the Extremely Severe Cyclonic Storm “BIPARJOY” over Arabian Sea during 06th – 19th June, 2023",7,2023-06-13 21:00:00,2023-06-13,2100,21.7,66.3,4.5,964.0,85.0,36.0,VSCS
2023,3,BIPARJOY,"Best track positions and other parameters of the Extremely Severe Cyclonic Storm “BIPARJOY” over Arabian Sea during 06th – 19th June, 2023",7,2023-06-14 00:00:00,2023-06-14,0000,21.8,66.3,4.5,966.0,80.0,32.0,VSCS
2023,3,BIPARJOY,"Best track positions and other parameters of the Extremely Severe Cyclonic Storm “BIPARJOY” over Arabian Sea during 06th – 19th June, 2023",7,2023-06-14 03:00:00,2023-06-14,0300,21.8,66.3,4.5,966.0,80.0,32.0,VSCS
2023,3,BIPARJOY,"Best track positions and other parameters of the Extremely Severe Cyclonic Storm “BIPARJOY” over Arabian Sea during 06th – 19th June, 2023",7,2023-06-14 06:00:00,2023-06-14,0600,21.8,66.3,4.5,966.0,80.0,32.0,VSCS
2023,3,BIPARJOY,"Best track positions and other parameters of the Extremely Severe Cyclonic Storm “BIPARJOY” over Arabian Sea during 06th – 19th June, 2023",7,2023-06-14 09:00:00,2023-06-14,0900,21.9,66.5,4.5,966.0,80.0,32.0,VSCS
2023,3,BIPARJOY,"Best track positions and other parameters of the Extremely Severe Cyclonic Storm “BIPARJOY” over Arabian Sea during 06th – 19th June, 2023",7,2023-06-14 12:00:00,2023-06-14,1200,22.0,66.7,4.5,970.0,75.0,28.0,VSCS
2023,3,BIPARJOY,"Best track positions and other parameters of the Extremely Severe Cyclonic Storm “BIPARJOY” over Arabian Sea during 06th – 19th June, 2023",8,2023-06-14 15:00:00,2023-06-14,1500,22.1,66.8,4.0,974.0,70.0,24.0,VSCS
2023,3,BIPARJOY,"Best track positions and other parameters of the Extremely Severe Cyclonic Storm “BIPARJOY” over Arabian Sea during 06th – 19th June, 2023",8,2023-06-14 18:00:00,2023-06-14,1800,22.2,66.9,4.0,974.0,70.0,24.0,VSCS
2023,3,BIPARJOY,"Best track positions and other parameters of the Extremely Severe Cyclonic Storm “BIPARJOY” over Arabian Sea during 06th – 19th June, 2023",8,2023-06-14 21:00:00,2023-06-14,2100,22.3,66.9,4.0,974.0,70.0,24.0,VSCS
2023,3,BIPARJOY,"Best track positions and other parameters of the Extremely Severe Cyclonic Storm “BIPARJOY” over Arabian Sea during 06th – 19th June, 2023",8,2023-06-15 00:00:00,2023-06-15,0000,22.4,67.0,4.0,974.0,70.0,24.0,VSCS
2023,3,BIPARJOY,"Best track positions and other parameters of the Extremely Severe Cyclonic Storm “BIPARJOY” over Arabian Sea during 06th – 19th June, 2023",8,2023-06-15 00:00:00,2023-06-15,0000,23.3,68.6,,980.0,60.0,18.0,SCS
2023,3,BIPARJOY,"Best track positions and other parameters of the Extremely Severe Cyclonic Storm “BIPARJOY” over Arabian Sea during 06th – 19th June, 2023",8,2023-06-15 00:00:00,2023-06-15,0000,23.4,68.9,,982.0,50.0,12.0,SCS
2023,3,BIPARJOY,"Best track positions and other parameters of the Extremely Severe Cyclonic Storm “BIPARJOY” over Arabian Sea during 06th – 19th June, 2023",8,2023-06-15 03:00:00,2023-06-15,0300,22.6,67.1,4.0,974.0,70.0,24.0,VSCS
2023,3,BIPARJOY,"Best track positions and other parameters of the Extremely Severe Cyclonic Storm “BIPARJOY” over Arabian Sea during 06th – 19th June, 2023",8,2023-06-15 06:00:00,2023-06-15,0600,22.7,67.3,4.0,976.0,65.0,21.0,VSCS
2023,3,BIPARJOY,"Best track positions and other parameters of the Extremely Severe Cyclonic Storm “BIPARJOY” over Arabian Sea during 06th – 19th June, 2023",8,2023-06-15 09:00:00,2023-06-15,0900,22.8,67.6,4.0,976.0,65.0,21.0,VSCS
2023,3,BIPARJOY,"Best track positions and other parameters of the Extremely Severe Cyclonic Storm “BIPARJOY” over Arabian Sea during 06th – 19th June, 2023",8,2023-06-15 12:00:00,2023-06-15,1200,22.9,68.0,4.0,976.0,65.0,21.0,VSCS
2023,3,BIPARJOY,"Best track positions and other parameters of the Extremely Severe Cyclonic Storm “BIPARJOY” over Arabian Sea during 06th – 19th June, 2023",8,2023-06-15 15:00:00,2023-06-15,1500,23.1,68.3,4.0,976.0,65.0,21.0,VSCS
2023,3,BIPARJOY,"Best track positions and other parameters of the Extremely Severe Cyclonic Storm “BIPARJOY” over Arabian Sea during 06th – 19th June, 2023",8,2023-06-16 00:00:00,2023-06-16,0000,23.4,69.2,,978.0,50.0,12.0,SCS
2023,3,BIPARJOY,"Best track positions and other parameters of the Extremely Severe Cyclonic Storm “BIPARJOY” over Arabian Sea during 06th – 19th June, 2023",8,2023-06-16 00:00:00,2023-06-16,0000,23.5,69.5,,978.0,45.0,10.0,CS
2023,3,BIPARJOY,"Best track positions and other parameters of the Extremely Severe Cyclonic Storm “BIPARJOY” over Arabian Sea during 06th – 19th June, 2023",8,2023-06-16 00:00:00,2023-06-16,0000,23.7,69.8,,980.0,40.0,8.0,CS
2023,3,BIPARJOY,"Best track positions and other parameters of the Extremely Severe Cyclonic Storm “BIPARJOY” over Arabian Sea during 06th – 19th June, 2023",8,2023-06-16 00:00:00,2023-06-16,0000,23.9,70.0,,984.0,40.0,8.0,CS
2023,3,BIPARJOY,"Best track positions and other parameters of the Extremely Severe Cyclonic Storm “BIPARJOY” over Arabian Sea during 06th – 19th June, 2023",8,2023-06-16 00:00:00,2023-06-16,0000,24.2,70.3,,986.0,35.0,7.0,CS
2023,3,BIPARJOY,"Best track positions and other parameters of the Extremely Severe Cyclonic Storm “BIPARJOY” over Arabian Sea during 06th – 19th June, 2023",8,2023-06-16 00:00:00,2023-06-16,0000,24.5,70.7,,987.0,35.0,6.0,CS
2023,3,BIPARJOY,"Best track positions and other parameters of the Extremely Severe Cyclonic Storm “BIPARJOY” over Arabian Sea during 06th – 19th June, 2023",8,2023-06-16 00:00:00,2023-06-16,0000,24.6,70.9,,988.0,30.0,4.0,DD
2023,3,BIPARJOY,"Best track positions and other parameters of the Extremely Severe Cyclonic Storm “BIPARJOY” over Arabian Sea during 06th – 19th June, 2023",8,2023-06-17 00:00:00,2023-06-17,0000,24.7,71.2,,988.0,30.0,4.0,DD
2023,3,BIPARJOY,"Best track positions and other parameters of the Extremely Severe Cyclonic Storm “BIPARJOY” over Arabian Sea during 06th – 19th June, 2023",8,2023-06-17 00:00:00,2023-06-17,0000,25.0,71.5,,988.0,30.0,4.0,DD
2023,3,BIPARJOY,"Best track positions and other parameters of the Extremely Severe Cyclonic Storm “BIPARJOY” over Arabian Sea during 06th – 19th June, 2023",8,2023-06-17 00:00:00,2023-06-17,0000,25.3,71.9,,989.0,30.0,4.0,DD
2023,3,BIPARJOY,"Best track positions and other parameters of the Extremely Severe Cyclonic Storm “BIPARJOY” over Arabian Sea during 06th – 19th June, 2023",8,2023-06-17 00:00:00,2023-06-17,0000,25.6,72.5,,990.0,25.0,3.0,D
2023,3,BIPARJOY,"Best track positions and other parameters of the Extremely Severe Cyclonic Storm “BIPARJOY” over Arabian Sea during 06th – 19th June, 2023",8,2023-06-17 00:00:00,2023-06-17,0000,25.8,72.8,,991.0,25.0,3.0,D
2023,3,BIPARJOY,"Best track positions and other parameters of the Extremely Severe Cyclonic Storm “BIPARJOY” over Arabian Sea during 06th – 19th June, 2023",8,2023-06-18 00:00:00,2023-06-18,0000,26.0,73.3,,991.0,25.0,3.0,D
2023,3,BIPARJOY,"Best track positions and other parameters of the Extremely Severe Cyclonic Storm “BIPARJOY” over Arabian Sea during 06th – 19th June, 2023",8,2023-06-18 00:00:00,2023-06-18,0000,26.2,73.8,,992.0,25.0,3.0,D
2023,3,BIPARJOY,"Best track positions and other parameters of the Extremely Severe Cyclonic Storm “BIPARJOY” over Arabian Sea during 06th – 19th June, 2023",8,2023-06-18 00:00:00,2023-06-18,0000,26.3,74.0,,994.0,25.0,3.0,D
2023,3,BIPARJOY,"Best track positions and other parameters of the Extremely Severe Cyclonic Storm “BIPARJOY” over Arabian Sea during 06th – 19th June, 2023",8,2023-06-18 00:00:00,2023-06-18,0000,26.3,74.7,,995.0,20.0,3.0,D
2023,3,BIPARJOY,"Best track positions and other parameters of the Extremely Severe Cyclonic Storm “BIPARJOY” over Arabian Sea during 06th – 19th June, 2023",8,2023-06-18 00:00:00,2023-06-18,0000,26.3,75.2,,995.0,20.0,3.0,D
2023,3,BIPARJOY,"Best track positions and other parameters of the Extremely Severe Cyclonic Storm “BIPARJOY” over Arabian Sea during 06th – 19th June, 2023",8,2023-06-19 00:00:00,2023-06-19,0000,26.3,76.0,,995.0,20.0,3.0,D
2023,4,DEEP DEPRESSION,"Best track positions and other parameters of the Deep Depression over Northeast Bay of Bengal during 01 August - 03 August, 2023",9,2023-08-01 00:00:00,2023-08-01,0000,20.5,91.5,1.5,992.0,25.0,3.0,D
2023,4,DEEP DEPRESSION,"Best track positions and other parameters of the Deep Depression over Northeast Bay of Bengal during 01 August - 03 August, 2023",9,2023-08-01 00:00:00,2023-08-01,0000,22.5,89.5,,988.0,30.0,4.0,DD
2023,4,DEEP DEPRESSION,"Best track positions and other parameters of the Deep Depression over Northeast Bay of Bengal during 01 August - 03 August, 2023",9,2023-08-01 00:00:00,2023-08-01,0000,22.8,89.0,,988.0,30.0,4.0,DD
2023,4,DEEP DEPRESSION,"Best track positions and other parameters of the Deep Depression over Northeast Bay of Bengal during 01 August - 03 August, 2023",9,2023-08-01 03:00:00,2023-08-01,0300,21.2,91.2,2.0,990.0,30.0,4.0,DD
2023,4,DEEP DEPRESSION,"Best track positions and other parameters of the Deep Depression over Northeast Bay of Bengal during 01 August - 03 August, 2023",9,2023-08-01 06:00:00,2023-08-01,0600,21.6,90.7,2.0,990.0,30.0,4.0,DD
2023,4,DEEP DEPRESSION,"Best track positions and other parameters of the Deep Depression over Northeast Bay of Bengal during 01 August - 03 August, 2023",9,2023-08-02 00:00:00,2023-08-02,0000,23.1,87.4,,988.0,30.0,4.0,DD
2023,4,DEEP DEPRESSION,"Best track positions and other parameters of the Deep Depression over Northeast Bay of Bengal during 01 August - 03 August, 2023",9,2023-08-02 00:00:00,2023-08-02,0000,23.2,87.1,,988.0,30.0,4.0,DD
2023,4,DEEP DEPRESSION,"Best track positions and other parameters of the Deep Depression over Northeast Bay of Bengal during 01 August - 03 August, 2023",9,2023-08-02 00:00:00,2023-08-02,0000,23.3,86.3,,988.0,30.0,4.0,DD
2023,4,DEEP DEPRESSION,"Best track positions and other parameters of the Deep Depression over Northeast Bay of Bengal during 01 August - 03 August, 2023",9,2023-08-02 00:00:00,2023-08-02,0000,23.3,85.1,,990.0,25.0,3.0,D
2023,4,DEEP DEPRESSION,"Best track positions and other parameters of the Deep Depression over Northeast Bay of Bengal during 01 August - 03 August, 2023",9,2023-08-02 00:00:00,2023-08-02,0000,23.3,84.1,,990.0,25.0,3.0,D
2023,4,DEEP DEPRESSION,"Best track positions and other parameters of the Deep Depression over Northeast Bay of Bengal during 01 August - 03 August, 2023",9,2023-08-03 00:00:00,2023-08-03,0000,23.4,83.4,,990.0,25.0,3.0,D
2023,4,DEEP DEPRESSION,"Best track positions and other parameters of the Deep Depression over Northeast Bay of Bengal during 01 August - 03 August, 2023",9,2023-08-03 00:00:00,2023-08-03,0000,23.5,83.1,,992.0,25.0,3.0,D
2023,4,DEEP DEPRESSION,"Best track positions and other parameters of the Deep Depression over Northeast Bay of Bengal during 01 August - 03 August, 2023",9,2023-08-03 00:00:00,2023-08-03,0000,23.5,83.1,,992.0,20.0,3.0,D
2023,5,DEPRESSION,"Best track positions and other parameters of the Depression over Eastcentral Arabian Sea during 30th Sep - 01st October, 2023",10,2022-10-01 00:00:00,2022-10-01,0000,17.0,74.0,,1002.8,25.0,4.0,D
2023,5,DEPRESSION,"Best track positions and other parameters of the Depression over Eastcentral Arabian Sea during 30th Sep - 01st October, 2023",10,2023-09-30 03:00:00,2023-09-30,0300,15.9,72.8,1.5,1002.0,25.0,4.0,D
2023,5,DEPRESSION,"Best track positions and other parameters of the Depression over Eastcentral Arabian Sea during 30th Sep - 01st October, 2023",10,2023-09-30 06:00:00,2023-09-30,0600,16.4,73.1,1.5,1002.0,25.0,4.0,D
2023,5,DEPRESSION,"Best track positions and other parameters of the Depression over Eastcentral Arabian Sea during 30th Sep - 01st October, 2023",10,2023-09-30 12:00:00,2023-09-30,1200,16.6,73.2,1.5,1000.0,25.0,4.0,D
2023,5,DEPRESSION,"Best track positions and other parameters of the Depression over Eastcentral Arabian Sea during 30th Sep - 01st October, 2023",10,2023-09-30 18:00:00,2023-09-30,1800,16.8,73.5,1.5,1002.0,25.0,4.0,D
2023,6,TEJ,"Best track positions and other parameters of the Extremely Severe Cyclonic Storm TEJ over AS during 20th – 24th October, 2023",11,2023-10-20 03:00:00,2023-10-20,0300,9.3,61.7,1.5,1004.0,25.0,4.0,D
2023,6,TEJ,"Best track positions and other parameters of the Extremely Severe Cyclonic Storm TEJ over AS during 20th – 24th October, 2023",11,2023-10-20 06:00:00,2023-10-20,0600,9.3,61.5,1.5,1004.0,25.0,4.0,D
2023,6,TEJ,"Best track positions and other parameters of the Extremely Severe Cyclonic Storm TEJ over AS during 20th – 24th October, 2023",11,2023-10-20 12:00:00,2023-10-20,1200,9.4,61.3,2.0,1003.0,30.0,5.0,DD
2023,6,TEJ,"Best track positions and other parameters of the Extremely Severe Cyclonic Storm TEJ over AS during 20th – 24th October, 2023",11,2023-10-20 18:00:00,2023-10-20,1800,9.5,60.7,2.0,1002.0,30.0,6.0,DD
2023,6,TEJ,"Best track positions and other parameters of the Extremely Severe Cyclonic Storm TEJ over AS during 20th – 24th October, 2023",11,2023-10-21 00:00:00,2023-10-21,0000,9.9,59.4,2.5,1001.0,35.0,7.0,CS
2023,6,TEJ,"Best track positions and other parameters of the Extremely Severe Cyclonic Storm TEJ over AS during 20th – 24th October, 2023",11,2023-10-21 03:00:00,2023-10-21,0300,10.1,58.8,3.0,998.0,45.0,10.0,CS
2023,6,TEJ,"Best track positions and other parameters of the Extremely Severe Cyclonic Storm TEJ over AS during 20th – 24th October, 2023",11,2023-10-21 06:00:00,2023-10-21,0600,10.3,58.4,3.0,996.0,50.0,12.0,SCS
2023,6,TEJ,"Best track positions and other parameters of the Extremely Severe Cyclonic Storm TEJ over AS during 20th – 24th October, 2023",11,2023-10-21 09:00:00,2023-10-21,0900,10.2,57.9,3.0,995.0,55.0,13.0,SCS
2023,6,TEJ,"Best track positions and other parameters of the Extremely Severe Cyclonic Storm TEJ over AS during 20th – 24th October, 2023",11,2023-10-21 12:00:00,2023-10-21,1200,10.6,57.4,3.5,992.0,55.0,16.0,SCS
2023,6,TEJ,"Best track positions and other parameters of the Extremely Severe Cyclonic Storm TEJ over AS during 20th – 24th October, 2023",11,2023-10-21 15:00:00,2023-10-21,1500,11.1,57.0,4.0,988.0,65.0,20.0,VSCS
2023,6,TEJ,"Best track positions and other parameters of the Extremely Severe Cyclonic Storm TEJ over AS during 20th – 24th October, 2023",11,2023-10-21 18:00:00,2023-10-21,1800,11.3,56.6,4.5,980.0,75.0,28.0,VSCS
2023,6,TEJ,"Best track positions and other parameters of the Extremely Severe Cyclonic Storm TEJ over AS during 20th – 24th October, 2023",12,2023-10-21 18:00:00,2023-10-21,1800,14.7,86.4,1.5,1003.0,25.0,3.0,D
2023,6,TEJ,"Best track positions and other parameters of the Extremely Severe Cyclonic Storm TEJ over AS during 20th – 24th October, 2023",11,2023-10-21 21:00:00,2023-10-21,2100,11.7,56.1,4.5,976.0,80.0,32.0,VSCS
2023,6,TEJ,"Best track positions and other parameters of the Extremely Severe Cyclonic Storm TEJ over AS during 20th – 24th October, 2023",12,2023-10-21 21:00:00,2023-10-21,2100,14.8,86.3,1.5,1003.0,25.0,3.0,D
2023,6,TEJ,"Best track positions and other parameters of the Extremely Severe Cyclonic Storm TEJ over AS during 20th – 24th October, 2023",11,2023-10-22 00:00:00,2023-10-22,0000,12.0,56.0,4.5,972.0,85.0,36.0,VSCS
2023,6,TEJ,"Best track positions and other parameters of the Extremely Severe Cyclonic Storm TEJ over AS during 20th – 24th October, 2023",12,2023-10-22 00:00:00,2023-10-22,0000,14.9,86.3,1.5,1003.0,25.0,3.0,D
2023,6,TEJ,"Best track positions and other parameters of the Extremely Severe Cyclonic Storm TEJ over AS during 20th – 24th October, 2023",11,2023-10-22 03:00:00,2023-10-22,0300,12.3,55.4,5.0,964.0,95.0,44.0,ESCS
2023,6,TEJ,"Best track positions and other parameters of the Extremely Severe Cyclonic Storm TEJ over AS during 20th – 24th October, 2023",12,2023-10-22 03:00:00,2023-10-22,0300,15.0,86.2,1.5,1003.0,25.0,3.0,D
2023,6,TEJ,"Best track positions and other parameters of the Extremely Severe Cyclonic Storm TEJ over AS during 20th – 24th October, 2023",11,2023-10-22 06:00:00,2023-10-22,0600,12.6,55.1,5.0,964.0,95.0,44.0,ESCS
2023,6,TEJ,"Best track positions and other parameters of the Extremely Severe Cyclonic Storm TEJ over AS during 20th – 24th October, 2023",12,2023-10-22 06:00:00,2023-10-22,0600,15.3,86.2,1.5,1003.0,25.0,4.0,D
2023,6,TEJ,"Best track positions and other parameters of the Extremely Severe Cyclonic Storm TEJ over AS during 20th – 24th October, 2023",11,2023-10-22 09:00:00,2023-10-22,0900,12.9,54.7,5.0,964.0,95.0,44.0,ESCS
2023,6,TEJ,"Best track positions and other parameters of the Extremely Severe Cyclonic Storm TEJ over AS during 20th – 24th October, 2023",12,2023-10-22 09:00:00,2023-10-22,0900,15.6,86.2,1.5,1002.0,25.0,4.0,D
2023,6,TEJ,"Best track positions and other parameters of the Extremely Severe Cyclonic Storm TEJ over AS during 20th – 24th October, 2023",11,2023-10-22 12:00:00,2023-10-22,1200,13.3,54.4,5.0,964.0,95.0,44.0,ESCS
2023,6,TEJ,"Best track positions and other parameters of the Extremely Severe Cyclonic Storm TEJ over AS during 20th – 24th October, 2023",12,2023-10-22 12:00:00,2023-10-22,1200,15.8,86.3,2.0,1001.0,30.0,5.0,DD
2023,6,TEJ,"Best track positions and other parameters of the Extremely Severe Cyclonic Storm TEJ over AS during 20th – 24th October, 2023",11,2023-10-22 15:00:00,2023-10-22,1500,13.6,54.1,5.0,964.0,95.0,44.0,ESCS
2023,6,TEJ,"Best track positions and other parameters of the Extremely Severe Cyclonic Storm TEJ over AS during 20th – 24th October, 2023",12,2023-10-22 15:00:00,2023-10-22,1500,16.4,86.4,2.0,1001.0,30.0,5.0,DD
2023,6,TEJ,"Best track positions and other parameters of the Extremely Severe Cyclonic Storm TEJ over AS during 20th – 24th October, 2023",11,2023-10-22 18:00:00,2023-10-22,1800,13.8,53.9,5.0,964.0,95.0,44.0,ESCS
2023,6,TEJ,"Best track positions and other parameters of the Extremely Severe Cyclonic Storm TEJ over AS during 20th – 24th October, 2023",12,2023-10-22 18:00:00,2023-10-22,1800,16.4,86.5,2.0,1001.0,30.0,5.0,DD
2023,6,TEJ,"Best track positions and other parameters of the Extremely Severe Cyclonic Storm TEJ over AS during 20th – 24th October, 2023",11,2023-10-22 21:00:00,2023-10-22,2100,14.1,53.6,5.0,966.0,95.0,42.0,ESCS
2023,6,TEJ,"Best track positions and other parameters of the Extremely Severe Cyclonic Storm TEJ over AS during 20th – 24th October, 2023",12,2023-10-22 21:00:00,2023-10-22,2100,16.4,86.6,2.0,1001.0,30.0,5.0,DD
2023,6,TEJ,"Best track positions and other parameters of the Extremely Severe Cyclonic Storm TEJ over AS during 20th – 24th October, 2023",11,2023-10-23 00:00:00,2023-10-23,0000,14.4,53.5,5.0,968.0,90.0,40.0,ESCS
2023,6,TEJ,"Best track positions and other parameters of the Extremely Severe Cyclonic Storm TEJ over AS during 20th – 24th October, 2023",11,2023-10-23 00:00:00,2023-10-23,0000,15.9,52.1,,990.0,60.0,18.0,SCS
2023,6,TEJ,"Best track positions and other parameters of the Extremely Severe Cyclonic Storm TEJ over AS during 20th – 24th October, 2023",11,2023-10-23 00:00:00,2023-10-23,0000,16.0,51.8,,996.0,50.0,12.0,SCS
2023,6,TEJ,"Best track positions and other parameters of the Extremely Severe Cyclonic Storm TEJ over AS during 20th – 24th October, 2023",11,2023-10-23 00:00:00,2023-10-23,0000,16.1,51.5,,1000.0,40.0,8.0,CS
2023,6,TEJ,"Best track positions and other parameters of the Extremely Severe Cyclonic Storm TEJ over AS during 20th – 24th October, 2023",11,2023-10-23 00:00:00,2023-10-23,0000,16.1,51.3,,1002.0,30.0,6.0,DD
2023,6,TEJ,"Best track positions and other parameters of the Extremely Severe Cyclonic Storm TEJ over AS during 20th – 24th October, 2023",12,2023-10-23 00:00:00,2023-10-23,0000,16.2,51.0,,1004.0,25.0,4.0,D
2023,6,TEJ,"Best track positions and other parameters of the Extremely Severe Cyclonic Storm TEJ over AS during 20th – 24th October, 2023",12,2023-10-23 00:00:00,2023-10-23,0000,16.7,86.7,2.0,1001.0,30.0,5.0,DD
2023,6,TEJ,"Best track positions and other parameters of the Extremely Severe Cyclonic Storm TEJ over AS during 20th – 24th October, 2023",11,2023-10-23 03:00:00,2023-10-23,0300,14.7,53.2,4.5,972.0,85.0,36.0,VSCS
2023,6,TEJ,"Best track positions and other parameters of the Extremely Severe Cyclonic Storm TEJ over AS during 20th – 24th October, 2023",12,2023-10-23 03:00:00,2023-10-23,0300,17.0,86.8,2.0,1001.0,30.0,5.0,DD
2023,6,TEJ,"Best track positions and other parameters of the Extremely Severe Cyclonic Storm TEJ over AS during 20th – 24th October, 2023",11,2023-10-23 06:00:00,2023-10-23,0600,15.0,52.9,4.5,976.0,80.0,32.0,VSCS
2023,6,TEJ,"Best track positions and other parameters of the Extremely Severe Cyclonic Storm TEJ over AS during 20th – 24th October, 2023",12,2023-10-23 06:00:00,2023-10-23,0600,17.4,87.0,2.0,1000.0,30.0,6.0,DD
2023,6,TEJ,"Best track positions and other parameters of the Extremely Severe Cyclonic Storm TEJ over AS during 20th – 24th October, 2023",11,2023-10-23 09:00:00,2023-10-23,0900,15.1,52.8,4.5,978.0,80.0,30.0,VSCS
2023,6,TEJ,"Best track positions and other parameters of the Extremely Severe Cyclonic Storm TEJ over AS during 20th – 24th October, 2023",12,2023-10-23 09:00:00,2023-10-23,0900,17.9,87.2,2.0,1000.0,30.0,6.0,DD
2023,6,TEJ,"Best track positions and other parameters of the Extremely Severe Cyclonic Storm TEJ over AS during 20th – 24th October, 2023",11,2023-10-23 12:00:00,2023-10-23,1200,15.4,52.7,4.0,981.0,75.0,27.0,VSCS
2023,6,TEJ,"Best track positions and other parameters of the Extremely Severe Cyclonic Storm TEJ over AS during 20th – 24th October, 2023",12,2023-10-23 12:00:00,2023-10-23,1200,18.3,87.3,2.5,999.0,35.0,7.0,CS
2023,6,TEJ,"Best track positions and other parameters of the Extremely Severe Cyclonic Storm TEJ over AS during 20th – 24th October, 2023",11,2023-10-23 15:00:00,2023-10-23,1500,15.6,52.5,4.0,984.0,70.0,24.0,VSCS
2023,6,TEJ,"Best track positions and other parameters of the Extremely Severe Cyclonic Storm TEJ over AS during 20th – 24th October, 2023",12,2023-10-23 15:00:00,2023-10-23,1500,18.7,87.6,2.5,998.0,40.0,8.0,CS
2023,6,TEJ,"Best track positions and other parameters of the Extremely Severe Cyclonic Storm TEJ over AS during 20th – 24th October, 2023",11,2023-10-23 18:00:00,2023-10-23,1800,15.8,52.3,4.0,986.0,70.0,22.0,VSCS
2023,6,TEJ,"Best track positions and other parameters of the Extremely Severe Cyclonic Storm TEJ over AS during 20th – 24th October, 2023",12,2023-10-23 18:00:00,2023-10-23,1800,19.1,88.0,3.0,998.0,40.0,8.0,CS
2023,6,TEJ,"Best track positions and other parameters of the Extremely Severe Cyclonic Storm TEJ over AS during 20th – 24th October, 2023",11,2023-10-23 21:00:00,2023-10-23,2100,15.9,52.2,4.0,988.0,65.0,20.0,VSCS
2023,6,TEJ,"Best track positions and other parameters of the Extremely Severe Cyclonic Storm TEJ over AS during 20th – 24th October, 2023",12,2023-10-23 21:00:00,2023-10-23,2100,19.3,88.4,3.5,994.0,50.0,12.0,SCS
2023,6,TEJ,"Best track positions and other parameters of the Extremely Severe Cyclonic Storm TEJ over AS during 20th – 24th October, 2023",12,2023-10-24 00:00:00,2023-10-24,0000,19.7,88.8,3.5,990.0,55.0,16.0,SCS
2023,6,TEJ,"Best track positions and other parameters of the Extremely Severe Cyclonic Storm TEJ over AS during 20th – 24th October, 2023",12,2023-10-24 03:00:00,2023-10-24,0300,20.0,89.5,4.0,984.0,65.0,22.0,VSCS
2023,6,TEJ,"Best track positions and other parameters of the Extremely Severe Cyclonic Storm TEJ over AS during 20th – 24th October, 2023",12,2023-10-24 09:00:00,2023-10-24,0900,20.3,90.0,4.0,985.0,65.0,21.0,VSCS
2023,6,TEJ,"Best track positions and other parameters of the Extremely Severe Cyclonic Storm TEJ over AS during 20th – 24th October, 2023",12,2023-10-24 09:00:00,2023-10-24,0900,20.6,90.4,4.0,986.0,65.0,20.0,VSCS
2023,6,TEJ,"Best track positions and other parameters of the Extremely Severe Cyclonic Storm TEJ over AS during 20th – 24th October, 2023",12,2023-10-24 12:00:00,2023-10-24,1200,20.8,90.8,3.5,989.0,55.0,17.0,SCS
2023,6,TEJ,"Best track positions and other parameters of the Extremely Severe Cyclonic Storm TEJ over AS during 20th – 24th October, 2023",12,2023-10-24 15:00:00,2023-10-24,1500,21.3,91.3,3.5,990.0,55.0,16.0,SCS
2023,6,TEJ,"Best track positions and other parameters of the Extremely Severe Cyclonic Storm TEJ over AS during 20th – 24th October, 2023",12,2023-10-24 18:00:00,2023-10-24,1800,21.6,91.6,3.0,994.0,50.0,12.0,SCS
2023,6,TEJ,"Best track positions and other parameters of the Extremely Severe Cyclonic Storm TEJ over AS during 20th – 24th October, 2023",12,2023-10-25 00:00:00,2023-10-25,0000,22.0,92.0,,996.0,45.0,10.0,CS
2023,6,TEJ,"Best track positions and other parameters of the Extremely Severe Cyclonic Storm TEJ over AS during 20th – 24th October, 2023",13,2023-10-25 00:00:00,2023-10-25,0000,22.2,92.2,,999.0,35.0,7.0,CS
2023,6,TEJ,"Best track positions and other parameters of the Extremely Severe Cyclonic Storm TEJ over AS during 20th – 24th October, 2023",13,2023-10-25 00:00:00,2023-10-25,0000,22.4,92.4,,1003.0,30.0,5.0,DD
2023,6,TEJ,"Best track positions and other parameters of the Extremely Severe Cyclonic Storm TEJ over AS during 20th – 24th October, 2023",13,2023-10-25 00:00:00,2023-10-25,0000,22.7,92.7,,1004.0,25.0,4.0,D
2023,6,TEJ,"Best track positions and other parameters of the Extremely Severe Cyclonic Storm TEJ over AS during 20th – 24th October, 2023",13,2023-11-15 03:00:00,2023-11-15,0300,14.5,86.8,1.5,1005.0,25.0,3.0,D
2023,6,TEJ,"Best track positions and other parameters of the Extremely Severe Cyclonic Storm TEJ over AS during 20th – 24th October, 2023",13,2023-11-15 06:00:00,2023-11-15,0600,14.7,86.6,1.5,1005.0,25.0,3.0,D
2023,6,TEJ,"Best track positions and other parameters of the Extremely Severe Cyclonic Storm TEJ over AS during 20th – 24th October, 2023",13,2023-11-15 12:00:00,2023-11-15,1200,15.3,86.4,1.5,1004.0,25.0,4.0,D
2023,6,TEJ,"Best track positions and other parameters of the Extremely Severe Cyclonic Storm TEJ over AS during 20th – 24th October, 2023",13,2023-11-15 18:00:00,2023-11-15,1800,16.0,86.4,1.5,1004.0,25.0,4.0,D
2023,6,TEJ,"Best track positions and other parameters of the Extremely Severe Cyclonic Storm TEJ over AS during 20th – 24th October, 2023",13,2023-11-16 00:00:00,2023-11-16,0000,16.9,86.8,2.0,1003.0,30.0,5.0,DD
2023,6,TEJ,"Best track positions and other parameters of the Extremely Severe Cyclonic Storm TEJ over AS during 20th – 24th October, 2023",13,2023-11-16 03:00:00,2023-11-16,0300,17.4,87.0,2.0,1003.0,30.0,5.0,DD
2023,6,TEJ,"Best track positions and other parameters of the Extremely Severe Cyclonic Storm TEJ over AS during 20th – 24th October, 2023",13,2023-11-16 06:00:00,2023-11-16,0600,17.9,87.3,2.0,1003.0,30.0,5.0,DD
2023,6,TEJ,"Best track positions and other parameters of the Extremely Severe Cyclonic Storm TEJ over AS during 20th – 24th October, 2023",13,2023-11-16 12:00:00,2023-11-16,1200,18.6,87.7,2.0,1003.0,30.0,5.0,DD
2023,6,TEJ,"Best track positions and other parameters of the Extremely Severe Cyclonic Storm TEJ over AS during 20th – 24th October, 2023",13,2023-11-16 18:00:00,2023-11-16,1800,19.1,88.0,2.0,1002.0,30.0,6.0,DD
2023,6,TEJ,"Best track positions and other parameters of the Extremely Severe Cyclonic Storm TEJ over AS during 20th – 24th October, 2023",13,2023-11-17 00:00:00,2023-11-17,0000,20.1,88.5,2.5,1001.0,35.0,7.0,CS
2023,6,TEJ,"Best track positions and other parameters of the Extremely Severe Cyclonic Storm TEJ over AS during 20th – 24th October, 2023",13,2023-11-17 00:00:00,2023-11-17,0000,22.8,90.8,,998.0,35.0,8.0,CS
2023,6,TEJ,"Best track positions and other parameters of the Extremely Severe Cyclonic Storm TEJ over AS during 20th – 24th October, 2023",13,2023-11-17 00:00:00,2023-11-17,0000,23.1,91.1,,1006.0,35.0,7.0,CS
2023,6,TEJ,"Best track positions and other parameters of the Extremely Severe Cyclonic Storm TEJ over AS during 20th – 24th October, 2023",13,2023-11-17 00:00:00,2023-11-17,0000,23.3,91.3,,1010.0,30.0,5.0,DD
2023,6,TEJ,"Best track positions and other parameters of the Extremely Severe Cyclonic Storm TEJ over AS during 20th – 24th October, 2023",13,2023-11-17 03:00:00,2023-11-17,0300,20.7,89.1,2.5,1000.0,40.0,8.0,CS
2023,6,TEJ,"Best track positions and other parameters of the Extremely Severe Cyclonic Storm TEJ over AS during 20th – 24th October, 2023",13,2023-11-17 06:00:00,2023-11-17,0600,21.2,89.5,2.5,998.0,45.0,10.0,CS
2023,6,TEJ,"Best track positions and other parameters of the Extremely Severe Cyclonic Storm TEJ over AS during 20th – 24th October, 2023",13,2023-11-17 09:00:00,2023-11-17,0900,21.8,90.0,3.0,996.0,50.0,12.0,SCS
2023,6,TEJ,"Best track positions and other parameters of the Extremely Severe Cyclonic Storm TEJ over AS during 20th – 24th October, 2023",13,2023-11-18 00:00:00,2023-11-18,0000,23.7,91.7,,1010.0,20.0,3.0,D
2023,9,MICHAUNG,"Best track positions and other parameters of the Severe Cyclonic Storm “MICHAUNG “over BoB during 1st – 6th December, 2023",14,2023-12-01 00:00:00,2023-12-01,0000,9.1,86.4,1.5,1002.0,20.0,3.0,D
2023,9,MICHAUNG,"Best track positions and other parameters of the Severe Cyclonic Storm “MICHAUNG “over BoB during 1st – 6th December, 2023",14,2023-12-01 03:00:00,2023-12-01,0300,9.3,86.2,1.5,1002.0,20.0,3.0,D
2023,9,MICHAUNG,"Best track positions and other parameters of the Severe Cyclonic Storm “MICHAUNG “over BoB during 1st – 6th December, 2023",14,2023-12-01 06:00:00,2023-12-01,0600,9.5,86.0,1.5,1002.0,25.0,3.0,D
2023,9,MICHAUNG,"Best track positions and other parameters of the Severe Cyclonic Storm “MICHAUNG “over BoB during 1st – 6th December, 2023",14,2023-12-01 12:00:00,2023-12-01,1200,10.0,85.7,1.5,1001.0,25.0,3.0,D
2023,9,MICHAUNG,"Best track positions and other parameters of the Severe Cyclonic Storm “MICHAUNG “over BoB during 1st – 6th December, 2023",14,2023-12-01 18:00:00,2023-12-01,1800,10.3,85.1,1.5,1000.0,25.0,4.0,D
2023,9,MICHAUNG,"Best track positions and other parameters of the Severe Cyclonic Storm “MICHAUNG “over BoB during 1st – 6th December, 2023",14,2023-12-02 00:00:00,2023-12-02,0000,10.5,84.1,2.0,998.0,30.0,5.0,DD
2023,9,MICHAUNG,"Best track positions and other parameters of the Severe Cyclonic Storm “MICHAUNG “over BoB during 1st – 6th December, 2023",14,2023-12-02 03:00:00,2023-12-02,0300,10.6,83.6,2.0,997.0,30.0,5.0,DD
2023,9,MICHAUNG,"Best track positions and other parameters of the Severe Cyclonic Storm “MICHAUNG “over BoB during 1st – 6th December, 2023",14,2023-12-02 06:00:00,2023-12-02,0600,10.7,83.2,2.0,997.0,30.0,5.0,DD
2023,9,MICHAUNG,"Best track positions and other parameters of the Severe Cyclonic Storm “MICHAUNG “over BoB during 1st – 6th December, 2023",14,2023-12-02 12:00:00,2023-12-02,1200,10.9,83.1,2.0,997.0,30.0,5.0,DD
2023,9,MICHAUNG,"Best track positions and other parameters of the Severe Cyclonic Storm “MICHAUNG “over BoB during 1st – 6th December, 2023",14,2023-12-02 18:00:00,2023-12-02,1800,11.1,82.7,2.0,996.0,30.0,6.0,DD
2023,9,MICHAUNG,"Best track positions and other parameters of the Severe Cyclonic Storm “MICHAUNG “over BoB during 1st – 6th December, 2023",14,2023-12-03 00:00:00,2023-12-03,0000,11.4,82.5,2.5,995.0,35.0,7.0,CS
2023,9,MICHAUNG,"Best track positions and other parameters of the Severe Cyclonic Storm “MICHAUNG “over BoB during 1st – 6th December, 2023",14,2023-12-03 03:00:00,2023-12-03,0300,11.5,82.4,2.5,995.0,35.0,7.0,CS
2023,9,MICHAUNG,"Best track positions and other parameters of the Severe Cyclonic Storm “MICHAUNG “over BoB during 1st – 6th December, 2023",14,2023-12-03 06:00:00,2023-12-03,0600,11.8,82.2,2.5,995.0,35.0,7.0,CS
2023,9,MICHAUNG,"Best track positions and other parameters of the Severe Cyclonic Storm “MICHAUNG “over BoB during 1st – 6th December, 2023",14,2023-12-03 09:00:00,2023-12-03,0900,12.0,82.1,2.5,995.0,35.0,7.0,CS
2023,9,MICHAUNG,"Best track positions and other parameters of the Severe Cyclonic Storm “MICHAUNG “over BoB during 1st – 6th December, 2023",14,2023-12-03 12:00:00,2023-12-03,1200,12.2,82.0,2.5,995.0,35.0,7.0,CS
2023,9,MICHAUNG,"Best track positions and other parameters of the Severe Cyclonic Storm “MICHAUNG “over BoB during 1st – 6th December, 2023",14,2023-12-03 15:00:00,2023-12-03,1500,12.4,81.9,2.5,994.0,40.0,8.0,CS
2023,9,MICHAUNG,"Best track positions and other parameters of the Severe Cyclonic Storm “MICHAUNG “over BoB during 1st – 6th December, 2023",14,2023-12-03 18:00:00,2023-12-03,1800,12.8,81.6,3.0,992.0,45.0,10.0,CS
2023,9,MICHAUNG,"Best track positions and other parameters of the Severe Cyclonic Storm “MICHAUNG “over BoB during 1st – 6th December, 2023",14,2023-12-03 21:00:00,2023-12-03,2100,13.0,81.4,3.0,992.0,45.0,10.0,CS
2023,9,MICHAUNG,"Best track positions and other parameters of the Severe Cyclonic Storm “MICHAUNG “over BoB during 1st – 6th December, 2023",14,2023-12-04 00:00:00,2023-12-04,0000,13.1,81.2,3.0,992.0,45.0,10.0,CS
2023,9,MICHAUNG,"Best track positions and other parameters of the Severe Cyclonic Storm “MICHAUNG “over BoB during 1st – 6th December, 2023",14,2023-12-04 03:00:00,2023-12-04,0300,13.3,81.0,3.0,988.0,50.0,14.0,SCS
2023,9,MICHAUNG,"Best track positions and other parameters of the Severe Cyclonic Storm “MICHAUNG “over BoB during 1st – 6th December, 2023",14,2023-12-04 06:00:00,2023-12-04,0600,13.5,80.8,3.0,988.0,50.0,14.0,SCS
2023,9,MICHAUNG,"Best track positions and other parameters of the Severe Cyclonic Storm “MICHAUNG “over BoB during 1st – 6th December, 2023",14,2023-12-04 09:00:00,2023-12-04,0900,13.7,80.7,3.0,988.0,50.0,14.0,SCS
2023,9,MICHAUNG,"Best track positions and other parameters of the Severe Cyclonic Storm “MICHAUNG “over BoB during 1st – 6th December, 2023",14,2023-12-04 12:00:00,2023-12-04,1200,14.0,80.5,3.5,986.0,55.0,16.0,SCS
2023,9,MICHAUNG,"Best track positions and other parameters of the Severe Cyclonic Storm “MICHAUNG “over BoB during 1st – 6th December, 2023",14,2023-12-04 15:00:00,2023-12-04,1500,14.3,80.4,3.5,986.0,55.0,16.0,SCS
2023,9,MICHAUNG,"Best track positions and other parameters of the Severe Cyclonic Storm “MICHAUNG “over BoB during 1st – 6th December, 2023",14,2023-12-04 18:00:00,2023-12-04,1800,14.5,80.3,3.5,986.0,55.0,16.0,SCS
2023,9,MICHAUNG,"Best track positions and other parameters of the Severe Cyclonic Storm “MICHAUNG “over BoB during 1st – 6th December, 2023",14,2023-12-04 21:00:00,2023-12-04,2100,14.7,80.2,3.5,986.0,55.0,16.0,SCS
2023,9,MICHAUNG,"Best track positions and other parameters of the Severe Cyclonic Storm “MICHAUNG “over BoB during 1st – 6th December, 2023",14,2023-12-05 00:00:00,2023-12-05,0000,14.9,80.2,3.5,988.0,50.0,14.0,SCS
2023,9,MICHAUNG,"Best track positions and other parameters of the Severe Cyclonic Storm “MICHAUNG “over BoB during 1st – 6th December, 2023",15,2023-12-05 00:00:00,2023-12-05,0000,15.8,80.3,,990.0,50.0,12.0,SCS
2023,9,MICHAUNG,"Best track positions and other parameters of the Severe Cyclonic Storm “MICHAUNG “over BoB during 1st – 6th December, 2023",15,2023-12-05 00:00:00,2023-12-05,0000,16.0,80.3,,996.0,40.0,8.0,CS
2023,9,MICHAUNG,"Best track positions and other parameters of the Severe Cyclonic Storm “MICHAUNG “over BoB during 1st – 6th December, 2023",15,2023-12-05 00:00:00,2023-12-05,0000,16.4,80.4,,998.0,35.0,7.0,CS
2023,9,MICHAUNG,"Best track positions and other parameters of the Severe Cyclonic Storm “MICHAUNG “over BoB during 1st – 6th December, 2023",15,2023-12-05 00:00:00,2023-12-05,0000,16.8,80.4,,1000.0,30.0,6.0,DD
2023,9,MICHAUNG,"Best track positions and other parameters of the Severe Cyclonic Storm “MICHAUNG “over BoB during 1st – 6th December, 2023",14,2023-12-05 03:00:00,2023-12-05,0300,15.2,80.2,3.5,988.0,50.0,14.0,SCS
2023,9,MICHAUNG,"Best track positions and other parameters of the Severe Cyclonic Storm “MICHAUNG “over BoB during 1st – 6th December, 2023",14,2023-12-05 06:00:00,2023-12-05,0600,15.5,80.3,3.0,988.0,50.0,14.0,SCS
2023,9,MICHAUNG,"Best track positions and other parameters of the Severe Cyclonic Storm “MICHAUNG “over BoB during 1st – 6th December, 2023",15,2023-12-06 00:00:00,2023-12-06,0000,17.4,80.5,,1004.0,20.0,3.0,D
2024,1,REMAL,"Best track positions and other parameters of the Severe Cyclonic Storm REMAL over Bay of Bengal during 24th – 28th May, 2024",2,2024-05-24 00:00:00,2024-05-24,0000,15.0,88.4,1.5,996.0,25.0,3.0,D
2024,1,REMAL,"Best track positions and other parameters of the Severe Cyclonic Storm REMAL over Bay of Bengal during 24th – 28th May, 2024",2,2024-05-24 03:00:00,2024-05-24,0300,15.5,88.7,1.5,996.0,25.0,3.0,D
2024,1,REMAL,"Best track positions and other parameters of the Severe Cyclonic Storm REMAL over Bay of Bengal during 24th – 28th May, 2024",2,2024-05-24 06:00:00,2024-05-24,0600,15.8,88.9,1.5,996.0,25.0,3.0,D
2024,1,REMAL,"Best track positions and other parameters of the Severe Cyclonic Storm REMAL over Bay of Bengal during 24th – 28th May, 2024",2,2024-05-24 12:00:00,2024-05-24,1200,16.2,89.1,1.5,995.0,25.0,3.0,D
2024,1,REMAL,"Best track positions and other parameters of the Severe Cyclonic Storm REMAL over Bay of Bengal during 24th – 28th May, 2024",2,2024-05-24 18:00:00,2024-05-24,1800,16.8,89.4,1.5,995.0,25.0,3.0,D
2024,1,REMAL,"Best track positions and other parameters of the Severe Cyclonic Storm REMAL over Bay of Bengal during 24th – 28th May, 2024",2,2024-05-25 00:00:00,2024-05-25,0000,17.6,89.7,2.0,993.0,30.0,4.0,DD
2024,1,REMAL,"Best track positions and other parameters of the Severe Cyclonic Storm REMAL over Bay of Bengal during 24th – 28th May, 2024",2,2024-05-25 03:00:00,2024-05-25,0300,18.0,89.7,2.0,992.0,30.0,5.0,DD
2024,1,REMAL,"Best track positions and other parameters of the Severe Cyclonic Storm REMAL over Bay of Bengal during 24th – 28th May, 2024",2,2024-05-25 06:00:00,2024-05-25,0600,18.2,89.7,2.0,991.0,30.0,5.0,DD
2024,1,REMAL,"Best track positions and other parameters of the Severe Cyclonic Storm REMAL over Bay of Bengal during 24th – 28th May, 2024",2,2024-05-25 12:00:00,2024-05-25,1200,18.8,89.5,2.5,989.0,35.0,7.0,CS
2024,1,REMAL,"Best track positions and other parameters of the Severe Cyclonic Storm REMAL over Bay of Bengal during 24th – 28th May, 2024",2,2024-05-25 15:00:00,2024-05-25,1500,19.1,89.5,2.5,989.0,35.0,7.0,CS
2024,1,REMAL,"Best track positions and other parameters of the Severe Cyclonic Storm REMAL over Bay of Bengal during 24th – 28th May, 2024",2,2024-05-25 18:00:00,2024-05-25,1800,19.3,89.4,2.5,988.0,40.0,8.0,CS
2024,1,REMAL,"Best track positions and other parameters of the Severe Cyclonic Storm REMAL over Bay of Bengal during 24th – 28th May, 2024",2,2024-05-25 21:00:00,2024-05-25,2100,19.4,89.4,2.5,986.0,45.0,10.0,CS
2024,1,REMAL,"Best track positions and other parameters of the Severe Cyclonic Storm REMAL over Bay of Bengal during 24th – 28th May, 2024",2,2024-05-26 00:00:00,2024-05-26,0000,19.5,89.4,3.0,984.0,50.0,12.0,SCS
2024,1,REMAL,"Best track positions and other parameters of the Severe Cyclonic Storm REMAL over Bay of Bengal during 24th – 28th May, 2024",3,2024-05-26 00:00:00,2024-05-26,0000,22.0,89.2,,980.0,55.0,16.0,SCS
2024,1,REMAL,"Best track positions and other parameters of the Severe Cyclonic Storm REMAL over Bay of Bengal during 24th – 28th May, 2024",2,2024-05-26 03:00:00,2024-05-26,0300,19.8,89.3,3.0,984.0,50.0,12.0,SCS
2024,1,REMAL,"Best track positions and other parameters of the Severe Cyclonic Storm REMAL over Bay of Bengal during 24th – 28th May, 2024",2,2024-05-26 06:00:00,2024-05-26,0600,20.2,89.2,3.0,983.0,50.0,13.0,SCS
2024,1,REMAL,"Best track positions and other parameters of the Severe Cyclonic Storm REMAL over Bay of Bengal during 24th – 28th May, 2024",2,2024-05-26 09:00:00,2024-05-26,0900,20.6,89.2,3.5,981.0,55.0,15.0,SCS
2024,1,REMAL,"Best track positions and other parameters of the Severe Cyclonic Storm REMAL over Bay of Bengal during 24th – 28th May, 2024",2,2024-05-26 12:00:00,2024-05-26,1200,21.1,89.2,3.5,978.0,60.0,18.0,SCS
2024,1,REMAL,"Best track positions and other parameters of the Severe Cyclonic Storm REMAL over Bay of Bengal during 24th – 28th May, 2024",2,2024-05-26 15:00:00,2024-05-26,1500,21.4,89.2,3.5,978.0,60.0,18.0,SCS
2024,1,REMAL,"Best track positions and other parameters of the Severe Cyclonic Storm REMAL over Bay of Bengal during 24th – 28th May, 2024",2,2024-05-26 18:00:00,2024-05-26,1800,21.7,89.2,3.5,978.0,60.0,18.0,SCS
2024,1,REMAL,"Best track positions and other parameters of the Severe Cyclonic Storm REMAL over Bay of Bengal during 24th – 28th May, 2024",3,2024-05-27 00:00:00,2024-05-27,0000,22.5,89.2,,982.0,45.0,12.0,CS
2024,1,REMAL,"Best track positions and other parameters of the Severe Cyclonic Storm REMAL over Bay of Bengal during 24th – 28th May, 2024",3,2024-05-27 00:00:00,2024-05-27,0000,22.8,89.2,,984.0,40.0,10.0,CS
2024,1,REMAL,"Best track positions and other parameters of the Severe Cyclonic Storm REMAL over Bay of Bengal during 24th – 28th May, 2024",3,2024-05-27 00:00:00,2024-05-27,0000,23.0,89.2,,985.0,35.0,9.0,CS
2024,1,REMAL,"Best track positions and other parameters of the Severe Cyclonic Storm REMAL over Bay of Bengal during 24th – 28th May, 2024",3,2024-05-27 00:00:00,2024-05-27,0000,23.3,89.4,,986.0,35.0,8.0,CS
2024,1,REMAL,"Best track positions and other parameters of the Severe Cyclonic Storm REMAL over Bay of Bengal during 24th – 28th May, 2024",3,2024-05-27 00:00:00,2024-05-27,0000,23.6,89.7,,987.0,35.0,7.0,CS
2024,1,REMAL,"Best track positions and other parameters of the Severe Cyclonic Storm REMAL over Bay of Bengal during 24th – 28th May, 2024",3,2024-05-27 00:00:00,2024-05-27,0000,23.8,90.2,,988.0,30.0,6.0,DD
2024,1,REMAL,"Best track positions and other parameters of the Severe Cyclonic Storm REMAL over Bay of Bengal during 24th – 28th May, 2024",3,2024-05-27 00:00:00,2024-05-27,0000,24.0,90.5,,990.0,30.0,5.0,DD
2024,1,REMAL,"Best track positions and other parameters of the Severe Cyclonic Storm REMAL over Bay of Bengal during 24th – 28th May, 2024",3,2024-05-28 00:00:00,2024-05-28,0000,24.4,91.1,,991.0,20.0,4.0,D
2024,1,REMAL,"Best track positions and other parameters of the Severe Cyclonic Storm REMAL over Bay of Bengal during 24th – 28th May, 2024",3,2024-05-28 00:00:00,2024-05-28,0000,24.7,91.5,,992.0,20.0,3.0,D
2024,1,REMAL,"Best track positions and other parameters of the Severe Cyclonic Storm REMAL over Bay of Bengal during 24th – 28th May, 2024",3,2024-05-28 00:00:00,2024-05-28,0000,25.1,91.8,,993.0,20.0,3.0,D
2024,2,DEPRESSION,"Best track positions and other parameters of the Depression over Bay of Bengal during 19th – 20th July, 2024",4,2024-07-19 03:00:00,2024-07-19,0300,19.1,86.2,1.5,992.0,25.0,3.0,D
2024,2,DEPRESSION,"Best track positions and other parameters of the Depression over Bay of Bengal during 19th – 20th July, 2024",4,2024-07-19 06:00:00,2024-07-19,0600,19.2,86.0,1.5,992.0,25.0,3.0,D
2024,2,DEPRESSION,"Best track positions and other parameters of the Depression over Bay of Bengal during 19th – 20th July, 2024",4,2024-07-19 12:00:00,2024-07-19,1200,19.4,85.7,1.5,990.0,25.0,4.0,D
2024,2,DEPRESSION,"Best track positions and other parameters of the Depression over Bay of Bengal during 19th – 20th July, 2024",4,2024-07-19 18:00:00,2024-07-19,1800,19.5,85.6,1.5,990.0,25.0,4.0,D
2024,2,DEPRESSION,"Best track positions and other parameters of the Depression over Bay of Bengal during 19th – 20th July, 2024",4,2024-07-20 00:00:00,2024-07-20,0000,19.6,85.5,1.5,991.0,25.0,4.0,D
2024,2,DEPRESSION,"Best track positions and other parameters of the Depression over Bay of Bengal during 19th – 20th July, 2024",4,2024-07-20 03:00:00,2024-07-20,0300,19.6,85.5,1.5,992.0,25.0,3.0,D
2024,2,DEPRESSION,"Best track positions and other parameters of the Depression over Bay of Bengal during 19th – 20th July, 2024",4,2024-07-20 06:00:00,2024-07-20,0600,19.7,85.4,1.5,992.0,25.0,3.0,D
2024,3,DEEP DEPRESSION,"Best track positions and other parameters of the Deep Depression over North Jharkhand and neighbourhood during 02nd – 06th August, 2024",5,2024-08-02 00:00:00,2024-08-02,0000,24.2,85.2,,992.0,20.0,3.0,D
2024,3,DEEP DEPRESSION,"Best track positions and other parameters of the Deep Depression over North Jharkhand and neighbourhood during 02nd – 06th August, 2024",5,2024-08-02 00:00:00,2024-08-02,0000,24.2,84.9,,992.0,20.0,3.0,D
2024,3,DEEP DEPRESSION,"Best track positions and other parameters of the Deep Depression over North Jharkhand and neighbourhood during 02nd – 06th August, 2024",5,2024-08-03 00:00:00,2024-08-03,0000,24.3,84.6,,991.0,25.0,4.0,D
2024,3,DEEP DEPRESSION,"Best track positions and other parameters of the Deep Depression over North Jharkhand and neighbourhood during 02nd – 06th August, 2024",5,2024-08-03 00:00:00,2024-08-03,0000,24.4,84.4,,990.0,30.0,5.0,DD
2024,3,DEEP DEPRESSION,"Best track positions and other parameters of the Deep Depression over North Jharkhand and neighbourhood during 02nd – 06th August, 2024",5,2024-08-03 00:00:00,2024-08-03,0000,24.5,84.2,,988.0,30.0,6.0,DD
2024,3,DEEP DEPRESSION,"Best track positions and other parameters of the Deep Depression over North Jharkhand and neighbourhood during 02nd – 06th August, 2024",5,2024-08-03 00:00:00,2024-08-03,0000,24.8,83.0,,988.0,30.0,6.0,DD
2024,3,DEEP DEPRESSION,"Best track positions and other parameters of the Deep Depression over North Jharkhand and neighbourhood during 02nd – 06th August, 2024",5,2024-08-03 00:00:00,2024-08-03,0000,24.8,81.5,,990.0,30.0,6.0,DD
2024,3,DEEP DEPRESSION,"Best track positions and other parameters of the Deep Depression over North Jharkhand and neighbourhood during 02nd – 06th August, 2024",5,2024-08-04 00:00:00,2024-08-04,0000,24.9,81.0,,990.0,30.0,6.0,DD
2024,3,DEEP DEPRESSION,"Best track positions and other parameters of the Deep Depression over North Jharkhand and neighbourhood during 02nd – 06th August, 2024",5,2024-08-04 00:00:00,2024-08-04,0000,25.0,80.7,,991.0,30.0,5.0,DD
2024,3,DEEP DEPRESSION,"Best track positions and other parameters of the Deep Depression over North Jharkhand and neighbourhood during 02nd – 06th August, 2024",5,2024-08-04 00:00:00,2024-08-04,0000,25.3,79.6,,992.0,30.0,5.0,DD
2024,3,DEEP DEPRESSION,"Best track positions and other parameters of the Deep Depression over North Jharkhand and neighbourhood during 02nd – 06th August, 2024",5,2024-08-04 00:00:00,2024-08-04,0000,25.8,78.4,,992.0,30.0,5.0,DD
2024,3,DEEP DEPRESSION,"Best track positions and other parameters of the Deep Depression over North Jharkhand and neighbourhood during 02nd – 06th August, 2024",5,2024-08-04 00:00:00,2024-08-04,0000,26.0,77.6,,992.0,30.0,5.0,DD
2024,3,DEEP DEPRESSION,"Best track positions and other parameters of the Deep Depression over North Jharkhand and neighbourhood during 02nd – 06th August, 2024",5,2024-08-05 00:00:00,2024-08-05,0000,26.3,76.2,,993.0,25.0,4.0,D
2024,3,DEEP DEPRESSION,"Best track positions and other parameters of the Deep Depression over North Jharkhand and neighbourhood during 02nd – 06th August, 2024",5,2024-08-05 00:00:00,2024-08-05,0000,26.5,75.6,,993.0,25.0,4.0,D
2024,3,DEEP DEPRESSION,"Best track positions and other parameters of the Deep Depression over North Jharkhand and neighbourhood during 02nd – 06th August, 2024",5,2024-08-05 00:00:00,2024-08-05,0000,26.8,75.2,,994.0,25.0,3.0,D
2024,3,DEEP DEPRESSION,"Best track positions and other parameters of the Deep Depression over North Jharkhand and neighbourhood during 02nd – 06th August, 2024",5,2024-08-05 00:00:00,2024-08-05,0000,27.6,73.5,,994.0,20.0,3.0,D
2024,3,DEEP DEPRESSION,"Best track positions and other parameters of the Deep Depression over North Jharkhand and neighbourhood during 02nd – 06th August, 2024",5,2024-08-05 00:00:00,2024-08-05,0000,28.8,72.0,,996.0,20.0,3.0,D
2024,4,ASNA,"Best track positions and other parameters of the Cyclonic Storm ASNA over Land during 25th August – 02nd September, 2024",6,2024-08-25 00:00:00,2024-08-25,0000,24.5,77.3,,997.0,20.0,3.0,D
2024,4,ASNA,"Best track positions and other parameters of the Cyclonic Storm ASNA over Land during 25th August – 02nd September, 2024",6,2024-08-25 00:00:00,2024-08-25,0000,24.6,76.9,,997.0,20.0,3.0,D
2024,4,ASNA,"Best track positions and other parameters of the Cyclonic Storm ASNA over Land during 25th August – 02nd September, 2024",6,2024-08-25 00:00:00,2024-08-25,0000,24.6,76.5,,996.0,20.0,4.0,D
2024,4,ASNA,"Best track positions and other parameters of the Cyclonic Storm ASNA over Land during 25th August – 02nd September, 2024",6,2024-08-25 00:00:00,2024-08-25,0000,24.4,75.6,,996.0,25.0,4.0,D
2024,4,ASNA,"Best track positions and other parameters of the Cyclonic Storm ASNA over Land during 25th August – 02nd September, 2024",6,2024-08-25 00:00:00,2024-08-25,0000,24.3,74.7,,995.0,30.0,5.0,DD
2024,4,ASNA,"Best track positions and other parameters of the Cyclonic Storm ASNA over Land during 25th August – 02nd September, 2024",6,2024-08-26 00:00:00,2024-08-26,0000,24.2,74.2,,995.0,30.0,5.0,DD
2024,4,ASNA,"Best track positions and other parameters of the Cyclonic Storm ASNA over Land during 25th August – 02nd September, 2024",6,2024-08-26 00:00:00,2024-08-26,0000,24.1,74.0,,995.0,30.0,5.0,DD
2024,4,ASNA,"Best track positions and other parameters of the Cyclonic Storm ASNA over Land during 25th August – 02nd September, 2024",6,2024-08-26 00:00:00,2024-08-26,0000,23.8,73.6,,995.0,30.0,5.0,DD
2024,4,ASNA,"Best track positions and other parameters of the Cyclonic Storm ASNA over Land during 25th August – 02nd September, 2024",6,2024-08-26 00:00:00,2024-08-26,0000,23.8,73.0,,995.0,30.0,5.0,DD
2024,4,ASNA,"Best track positions and other parameters of the Cyclonic Storm ASNA over Land during 25th August – 02nd September, 2024",6,2024-08-26 00:00:00,2024-08-26,0000,23.8,72.4,,995.0,30.0,5.0,DD
2024,4,ASNA,"Best track positions and other parameters of the Cyclonic Storm ASNA over Land during 25th August – 02nd September, 2024",6,2024-08-27 00:00:00,2024-08-27,0000,23.8,72.2,,995.0,30.0,5.0,DD
2024,4,ASNA,"Best track positions and other parameters of the Cyclonic Storm ASNA over Land during 25th August – 02nd September, 2024",6,2024-08-27 00:00:00,2024-08-27,0000,23.8,72.0,,995.0,30.0,5.0,DD
2024,4,ASNA,"Best track positions and other parameters of the Cyclonic Storm ASNA over Land during 25th August – 02nd September, 2024",6,2024-08-27 00:00:00,2024-08-27,0000,23.7,71.7,,995.0,30.0,5.0,DD
2024,4,ASNA,"Best track positions and other parameters of the Cyclonic Storm ASNA over Land during 25th August – 02nd September, 2024",6,2024-08-27 00:00:00,2024-08-27,0000,23.7,71.0,,995.0,30.0,5.0,DD
2024,4,ASNA,"Best track positions and other parameters of the Cyclonic Storm ASNA over Land during 25th August – 02nd September, 2024",6,2024-08-27 00:00:00,2024-08-27,0000,23.7,70.6,,995.0,30.0,5.0,DD
2024,4,ASNA,"Best track positions and other parameters of the Cyclonic Storm ASNA over Land during 25th August – 02nd September, 2024",6,2024-08-28 00:00:00,2024-08-28,0000,23.7,70.0,,995.0,30.0,5.0,DD
2024,4,ASNA,"Best track positions and other parameters of the Cyclonic Storm ASNA over Land during 25th August – 02nd September, 2024",6,2024-08-28 00:00:00,2024-08-28,0000,23.7,69.7,,995.0,30.0,5.0,DD
2024,4,ASNA,"Best track positions and other parameters of the Cyclonic Storm ASNA over Land during 25th August – 02nd September, 2024",6,2024-08-28 00:00:00,2024-08-28,0000,23.7,69.7,,994.0,30.0,6.0,DD
2024,4,ASNA,"Best track positions and other parameters of the Cyclonic Storm ASNA over Land during 25th August – 02nd September, 2024",6,2024-08-29 00:00:00,2024-08-29,0000,23.7,69.5,,994.0,30.0,6.0,DD
2024,4,ASNA,"Best track positions and other parameters of the Cyclonic Storm ASNA over Land during 25th August – 02nd September, 2024",6,2024-08-29 00:00:00,2024-08-29,0000,23.7,69.4,,994.0,30.0,6.0,DD
2024,4,ASNA,"Best track positions and other parameters of the Cyclonic Storm ASNA over Land during 25th August – 02nd September, 2024",6,2024-08-29 00:00:00,2024-08-29,0000,23.6,69.2,,994.0,30.0,6.0,DD
2024,4,ASNA,"Best track positions and other parameters of the Cyclonic Storm ASNA over Land during 25th August – 02nd September, 2024",6,2024-08-29 00:00:00,2024-08-29,0000,23.6,69.0,,994.0,30.0,6.0,DD
2024,4,ASNA,"Best track positions and other parameters of the Cyclonic Storm ASNA over Land during 25th August – 02nd September, 2024",6,2024-08-30 00:00:00,2024-08-30,0000,23.5,68.4,,994.0,30.0,6.0,DD
2024,4,ASNA,"Best track positions and other parameters of the Cyclonic Storm ASNA over Land during 25th August – 02nd September, 2024",6,2024-08-30 03:00:00,2024-08-30,0300,23.5,68.2,2.0,994.0,30.0,6.0,DD
2024,4,ASNA,"Best track positions and other parameters of the Cyclonic Storm ASNA over Land during 25th August – 02nd September, 2024",6,2024-08-30 06:00:00,2024-08-30,0600,23.5,67.9,2.5,993.0,35.0,7.0,CS
2024,4,ASNA,"Best track positions and other parameters of the Cyclonic Storm ASNA over Land during 25th August – 02nd September, 2024",6,2024-08-30 09:00:00,2024-08-30,0900,23.5,67.5,2.5,993.0,35.0,7.0,CS
2024,4,ASNA,"Best track positions and other parameters of the Cyclonic Storm ASNA over Land during 25th August – 02nd September, 2024",6,2024-08-30 12:00:00,2024-08-30,1200,23.5,67.2,2.5,993.0,35.0,7.0,CS
2024,4,ASNA,"Best track positions and other parameters of the Cyclonic Storm ASNA over Land during 25th August – 02nd September, 2024",6,2024-08-30 15:00:00,2024-08-30,1500,23.5,67.0,2.5,992.0,35.0,7.0,CS
2024,4,ASNA,"Best track positions and other parameters of the Cyclonic Storm ASNA over Land during 25th August – 02nd September, 2024",6,2024-08-30 18:00:00,2024-08-30,1800,23.6,66.4,2.5,992.0,35.0,7.0,CS
2024,4,ASNA,"Best track positions and other parameters of the Cyclonic Storm ASNA over Land during 25th August – 02nd September, 2024",6,2024-08-30 21:00:00,2024-08-30,2100,23.6,66.2,25.0,992.0,35.0,7.0,CS
2024,4,ASNA,"Best track positions and other parameters of the Cyclonic Storm ASNA over Land during 25th August – 02nd September, 2024",7,2024-08-31 00:00:00,2024-08-31,0000,23.6,65.8,2.5,991.0,40.0,8.0,CS
2024,4,ASNA,"Best track positions and other parameters of the Cyclonic Storm ASNA over Land during 25th August – 02nd September, 2024",7,2024-08-31 03:00:00,2024-08-31,0300,23.6,65.3,2.5,991.0,40.0,8.0,CS
2024,4,ASNA,"Best track positions and other parameters of the Cyclonic Storm ASNA over Land during 25th August – 02nd September, 2024",7,2024-08-31 06:00:00,2024-08-31,0600,23.6,64.9,2.5,991.0,40.0,8.0,CS
2024,4,ASNA,"Best track positions and other parameters of the Cyclonic Storm ASNA over Land during 25th August – 02nd September, 2024",7,2024-08-31 09:00:00,2024-08-31,0900,23.6,64.4,2.5,991.0,40.0,8.0,CS
2024,4,ASNA,"Best track positions and other parameters of the Cyclonic Storm ASNA over Land during 25th August – 02nd September, 2024",7,2024-08-31 12:00:00,2024-08-31,1200,23.6,64.4,2.5,990.0,40.0,8.0,CS
2024,4,ASNA,"Best track positions and other parameters of the Cyclonic Storm ASNA over Land during 25th August – 02nd September, 2024",7,2024-08-31 15:00:00,2024-08-31,1500,23.6,63.7,2.5,990.0,40.0,8.0,CS
2024,4,ASNA,"Best track positions and other parameters of the Cyclonic Storm ASNA over Land during 25th August – 02nd September, 2024",7,2024-08-31 18:00:00,2024-08-31,1800,23.5,63.7,2.5,990.0,40.0,8.0,CS
2024,4,ASNA,"Best track positions and other parameters of the Cyclonic Storm ASNA over Land during 25th August – 02nd September, 2024",7,2024-08-31 21:00:00,2024-08-31,2100,23.4,63.0,2.5,990.0,40.0,8.0,CS
2024,4,ASNA,"Best track positions and other parameters of the Cyclonic Storm ASNA over Land during 25th August – 02nd September, 2024",7,2024-09-01 00:00:00,2024-09-01,0000,23.2,62.6,2.5,990.0,40.0,8.0,CS
2024,4,ASNA,"Best track positions and other parameters of the Cyclonic Storm ASNA over Land during 25th August – 02nd September, 2024",7,2024-09-01 03:00:00,2024-09-01,0300,23.0,62.3,2.5,992.0,35.0,7.0,CS
2024,4,ASNA,"Best track positions and other parameters of the Cyclonic Storm ASNA over Land during 25th August – 02nd September, 2024",7,2024-09-01 06:00:00,2024-09-01,0600,22.7,62.0,2.5,993.0,35.0,7.0,CS
2024,4,ASNA,"Best track positions and other parameters of the Cyclonic Storm ASNA over Land during 25th August – 02nd September, 2024",7,2024-09-01 09:00:00,2024-09-01,0900,22.5,61.8,2.5,993.0,35.0,7.0,CS
2024,4,ASNA,"Best track positions and other parameters of the Cyclonic Storm ASNA over Land during 25th August – 02nd September, 2024",7,2024-09-01 12:00:00,2024-09-01,1200,22.2,61.7,2.0,996.0,30.0,6.0,DD
2024,4,ASNA,"Best track positions and other parameters of the Cyclonic Storm ASNA over Land during 25th August – 02nd September, 2024",7,2024-09-01 18:00:00,2024-09-01,1800,21.7,61.5,2.0,998.0,30.0,5.0,DD
2024,4,ASNA,"Best track positions and other parameters of the Cyclonic Storm ASNA over Land during 25th August – 02nd September, 2024",7,2024-09-02 00:00:00,2024-09-02,0000,21.2,61.3,1.5,999.0,20.0,4.0,D
2024,4,ASNA,"Best track positions and other parameters of the Cyclonic Storm ASNA over Land during 25th August – 02nd September, 2024",7,2024-09-02 03:00:00,2024-09-02,0300,20.9,61.2,1.5,1000.0,20.0,3.0,D
2024,5,DEPRESSION,"Best track positions and other parameters of the Depression over westcentral Bay of Bengal during 31th August – 02nd September, 2024",8,2024-08-31 00:00:00,2024-08-31,0000,17.5,84.6,1.5,998.0,25.0,3.0,D
2024,5,DEPRESSION,"Best track positions and other parameters of the Depression over westcentral Bay of Bengal during 31th August – 02nd September, 2024",8,2024-08-31 03:00:00,2024-08-31,0300,17.7,84.5,1.5,997.0,25.0,3.0,D
2024,5,DEPRESSION,"Best track positions and other parameters of the Depression over westcentral Bay of Bengal during 31th August – 02nd September, 2024",8,2024-08-31 06:00:00,2024-08-31,0600,17.9,84.3,1.5,996.0,25.0,3.0,D
2024,5,DEPRESSION,"Best track positions and other parameters of the Depression over westcentral Bay of Bengal during 31th August – 02nd September, 2024",8,2024-08-31 12:00:00,2024-08-31,1200,18.1,84.0,1.5,997.0,25.0,4.0,D
2024,5,DEPRESSION,"Best track positions and other parameters of the Depression over westcentral Bay of Bengal during 31th August – 02nd September, 2024",8,2024-08-31 18:00:00,2024-08-31,1800,18.2,83.8,1.5,997.0,25.0,4.0,D
2024,5,DEPRESSION,"Best track positions and other parameters of the Depression over westcentral Bay of Bengal during 31th August – 02nd September, 2024",8,2024-09-01 00:00:00,2024-09-01,0000,18.5,83.0,1.5,997.0,25.0,4.0,D
2024,5,DEPRESSION,"Best track positions and other parameters of the Depression over westcentral Bay of Bengal during 31th August – 02nd September, 2024",8,2024-09-01 03:00:00,2024-09-01,0300,18.7,82.4,1.5,998.0,25.0,3.0,D
2024,5,DEPRESSION,"Best track positions and other parameters of the Depression over westcentral Bay of Bengal during 31th August – 02nd September, 2024",8,2024-09-01 06:00:00,2024-09-01,0600,18.7,82.1,1.5,999.0,20.0,3.0,D
2024,5,DEPRESSION,"Best track positions and other parameters of the Depression over westcentral Bay of Bengal during 31th August – 02nd September, 2024",8,2024-09-01 12:00:00,2024-09-01,1200,19.0,81.2,1.5,999.0,20.0,3.0,D
2024,5,DEPRESSION,"Best track positions and other parameters of the Depression over westcentral Bay of Bengal during 31th August – 02nd September, 2024",8,2024-09-01 18:00:00,2024-09-01,1800,19.3,80.4,1.5,999.0,20.0,3.0,D
2024,5,DEPRESSION,"Best track positions and other parameters of the Depression over westcentral Bay of Bengal during 31th August – 02nd September, 2024",8,2024-09-02 00:00:00,2024-09-02,0000,19.6,80.0,1.5,999.0,20.0,3.0,D
2024,5,DEPRESSION,"Best track positions and other parameters of the Depression over westcentral Bay of Bengal during 31th August – 02nd September, 2024",8,2024-09-02 03:00:00,2024-09-02,0300,19.7,79.7,1.5,999.0,20.0,3.0,D
2024,5,DEPRESSION,"Best track positions and other parameters of the Depression over westcentral Bay of Bengal during 31th August – 02nd September, 2024",8,2024-09-02 06:00:00,2024-09-02,0600,19.8,79.5,1.5,999.0,20.0,3.0,D
2024,6,DEEP DEPRESSION,"Best track positions and other parameters of the Deep Depression over Westcentral and adjoining Northwest Bay of Bengal during 08th Sept – 10th Sept, 2024",9,2024-09-08 00:00:00,2024-09-08,0000,17.9,87.0,1.5,998.0,25.0,3.0,D
2024,6,DEEP DEPRESSION,"Best track positions and other parameters of the Deep Depression over Westcentral and adjoining Northwest Bay of Bengal during 08th Sept – 10th Sept, 2024",9,2024-09-08 03:00:00,2024-09-08,0300,18.2,86.8,1.5,998.0,25.0,3.0,D
2024,6,DEEP DEPRESSION,"Best track positions and other parameters of the Deep Depression over Westcentral and adjoining Northwest Bay of Bengal during 08th Sept – 10th Sept, 2024",9,2024-09-08 06:00:00,2024-09-08,0600,18.4,86.7,1.5,997.0,25.0,3.0,D
2024,6,DEEP DEPRESSION,"Best track positions and other parameters of the Deep Depression over Westcentral and adjoining Northwest Bay of Bengal during 08th Sept – 10th Sept, 2024",9,2024-09-08 12:00:00,2024-09-08,1200,18.6,86.4,1.5,995.0,25.0,4.0,D
2024,6,DEEP DEPRESSION,"Best track positions and other parameters of the Deep Depression over Westcentral and adjoining Northwest Bay of Bengal during 08th Sept – 10th Sept, 2024",9,2024-09-08 18:00:00,2024-09-08,1800,18.9,86.3,1.5,993.0,30.0,5.0,DD
2024,6,DEEP DEPRESSION,"Best track positions and other parameters of the Deep Depression over Westcentral and adjoining Northwest Bay of Bengal during 08th Sept – 10th Sept, 2024",9,2024-09-09 00:00:00,2024-09-09,0000,19.3,86.2,1.5,991.0,30.0,6.0,DD
2024,6,DEEP DEPRESSION,"Best track positions and other parameters of the Deep Depression over Westcentral and adjoining Northwest Bay of Bengal during 08th Sept – 10th Sept, 2024",9,2024-09-09 00:00:00,2024-09-09,0000,20.0,86.0,,992.0,30.0,6.0,DD
2024,6,DEEP DEPRESSION,"Best track positions and other parameters of the Deep Depression over Westcentral and adjoining Northwest Bay of Bengal during 08th Sept – 10th Sept, 2024",9,2024-09-09 00:00:00,2024-09-09,0000,20.8,85.1,,994.0,30.0,5.0,DD
2024,6,DEEP DEPRESSION,"Best track positions and other parameters of the Deep Depression over Westcentral and adjoining Northwest Bay of Bengal during 08th Sept – 10th Sept, 2024",9,2024-09-09 00:00:00,2024-09-09,0000,21.3,84.4,,995.0,25.0,4.0,D
2024,6,DEEP DEPRESSION,"Best track positions and other parameters of the Deep Depression over Westcentral and adjoining Northwest Bay of Bengal during 08th Sept – 10th Sept, 2024",9,2024-09-09 03:00:00,2024-09-09,0300,19.6,86.2,1.5,991.0,30.0,6.0,DD
2024,6,DEEP DEPRESSION,"Best track positions and other parameters of the Deep Depression over Westcentral and adjoining Northwest Bay of Bengal during 08th Sept – 10th Sept, 2024",9,2024-09-10 00:00:00,2024-09-10,0000,21.7,83.3,,995.0,25.0,4.0,D
2024,6,DEEP DEPRESSION,"Best track positions and other parameters of the Deep Depression over Westcentral and adjoining Northwest Bay of Bengal during 08th Sept – 10th Sept, 2024",9,2024-09-10 00:00:00,2024-09-10,0000,21.8,82.8,,996.0,25.0,3.0,D
2024,6,DEEP DEPRESSION,"Best track positions and other parameters of the Deep Depression over Westcentral and adjoining Northwest Bay of Bengal during 08th Sept – 10th Sept, 2024",9,2024-09-10 00:00:00,2024-09-10,0000,21.9,82.1,,996.0,25.0,3.0,D
2024,7,DEPRESSION,"Best track positions and other parameters of the re-intensified Depression over Northeast Madhya Pradesh during 11th Sept – 13th Sept, 2024",10,2024-09-11 00:00:00,2024-09-11,0000,24.0,80.0,,995.0,20.0,3.0,D
2024,7,DEPRESSION,"Best track positions and other parameters of the re-intensified Depression over Northeast Madhya Pradesh during 11th Sept – 13th Sept, 2024",10,2024-09-11 00:00:00,2024-09-11,0000,24.2,79.9,,995.0,20.0,3.0,D
2024,7,DEPRESSION,"Best track positions and other parameters of the re-intensified Depression over Northeast Madhya Pradesh during 11th Sept – 13th Sept, 2024",10,2024-09-11 00:00:00,2024-09-11,0000,25.0,79.6,,994.0,25.0,4.0,D
2024,7,DEPRESSION,"Best track positions and other parameters of the re-intensified Depression over Northeast Madhya Pradesh during 11th Sept – 13th Sept, 2024",10,2024-09-11 00:00:00,2024-09-11,0000,26.2,78.2,,994.0,25.0,4.0,D
2024,7,DEPRESSION,"Best track positions and other parameters of the re-intensified Depression over Northeast Madhya Pradesh during 11th Sept – 13th Sept, 2024",10,2024-09-12 00:00:00,2024-09-12,0000,26.7,78.3,,994.0,25.0,4.0,D
2024,7,DEPRESSION,"Best track positions and other parameters of the re-intensified Depression over Northeast Madhya Pradesh during 11th Sept – 13th Sept, 2024",10,2024-09-12 00:00:00,2024-09-12,0000,27.0,78.5,,994.0,25.0,4.0,D
2024,7,DEPRESSION,"Best track positions and other parameters of the re-intensified Depression over Northeast Madhya Pradesh during 11th Sept – 13th Sept, 2024",10,2024-09-12 00:00:00,2024-09-12,0000,27.3,78.7,,994.0,25.0,4.0,D
2024,7,DEPRESSION,"Best track positions and other parameters of the re-intensified Depression over Northeast Madhya Pradesh during 11th Sept – 13th Sept, 2024",10,2024-09-12 00:00:00,2024-09-12,0000,27.5,79.1,,995.0,20.0,3.0,D
2024,7,DEPRESSION,"Best track positions and other parameters of the re-intensified Depression over Northeast Madhya Pradesh during 11th Sept – 13th Sept, 2024",10,2024-09-12 00:00:00,2024-09-12,0000,27.7,79.5,,995.0,20.0,3.0,D
2024,7,DEPRESSION,"Best track positions and other parameters of the re-intensified Depression over Northeast Madhya Pradesh during 11th Sept – 13th Sept, 2024",10,2024-09-13 00:00:00,2024-09-13,0000,28.2,79.3,,995.0,20.0,3.0,D
2024,8,DEEP DEPRESSION,"Best track positions and other parameters of the Deep Depression over Northeast Bay of Bengal and adjoining Bangladesh during 13th Sept – 17th Sept, 2024",11,2024-09-13 00:00:00,2024-09-13,0000,22.3,90.4,,992.0,25.0,4.0,D
2024,8,DEEP DEPRESSION,"Best track positions and other parameters of the Deep Depression over Northeast Bay of Bengal and adjoining Bangladesh during 13th Sept – 17th Sept, 2024",11,2024-09-13 12:00:00,2024-09-13,1200,22.0,90.8,1.5,993.0,20.0,3.0,D
2024,8,DEEP DEPRESSION,"Best track positions and other parameters of the Deep Depression over Northeast Bay of Bengal and adjoining Bangladesh during 13th Sept – 17th Sept, 2024",11,2024-09-14 00:00:00,2024-09-14,0000,22.5,89.6,,990.0,30.0,5.0,DD
2024,8,DEEP DEPRESSION,"Best track positions and other parameters of the Deep Depression over Northeast Bay of Bengal and adjoining Bangladesh during 13th Sept – 17th Sept, 2024",11,2024-09-14 00:00:00,2024-09-14,0000,22.7,88.8,,990.0,30.0,5.0,DD
2024,8,DEEP DEPRESSION,"Best track positions and other parameters of the Deep Depression over Northeast Bay of Bengal and adjoining Bangladesh during 13th Sept – 17th Sept, 2024",11,2024-09-14 00:00:00,2024-09-14,0000,22.4,88.3,,990.0,30.0,5.0,DD
2024,8,DEEP DEPRESSION,"Best track positions and other parameters of the Deep Depression over Northeast Bay of Bengal and adjoining Bangladesh during 13th Sept – 17th Sept, 2024",11,2024-09-14 00:00:00,2024-09-14,0000,22.4,88.5,,989.0,30.0,6.0,DD
2024,8,DEEP DEPRESSION,"Best track positions and other parameters of the Deep Depression over Northeast Bay of Bengal and adjoining Bangladesh during 13th Sept – 17th Sept, 2024",11,2024-09-14 00:00:00,2024-09-14,0000,22.6,88.5,,989.0,30.0,6.0,DD
2024,8,DEEP DEPRESSION,"Best track positions and other parameters of the Deep Depression over Northeast Bay of Bengal and adjoining Bangladesh during 13th Sept – 17th Sept, 2024",11,2024-09-15 00:00:00,2024-09-15,0000,22.6,88.0,,989.0,30.0,6.0,DD
2024,8,DEEP DEPRESSION,"Best track positions and other parameters of the Deep Depression over Northeast Bay of Bengal and adjoining Bangladesh during 13th Sept – 17th Sept, 2024",11,2024-09-15 00:00:00,2024-09-15,0000,22.6,87.8,,990.0,30.0,5.0,DD
2024,8,DEEP DEPRESSION,"Best track positions and other parameters of the Deep Depression over Northeast Bay of Bengal and adjoining Bangladesh during 13th Sept – 17th Sept, 2024",11,2024-09-15 00:00:00,2024-09-15,0000,22.7,87.6,,990.0,30.0,5.0,DD
2024,8,DEEP DEPRESSION,"Best track positions and other parameters of the Deep Depression over Northeast Bay of Bengal and adjoining Bangladesh during 13th Sept – 17th Sept, 2024",11,2024-09-15 00:00:00,2024-09-15,0000,22.8,87.4,,990.0,30.0,5.0,DD
2024,8,DEEP DEPRESSION,"Best track positions and other parameters of the Deep Depression over Northeast Bay of Bengal and adjoining Bangladesh during 13th Sept – 17th Sept, 2024",11,2024-09-15 00:00:00,2024-09-15,0000,22.9,87.2,,990.0,30.0,5.0,DD
2024,8,DEEP DEPRESSION,"Best track positions and other parameters of the Deep Depression over Northeast Bay of Bengal and adjoining Bangladesh during 13th Sept – 17th Sept, 2024",11,2024-09-16 00:00:00,2024-09-16,0000,23.0,87.0,,990.0,30.0,5.0,DD
2024,8,DEEP DEPRESSION,"Best track positions and other parameters of the Deep Depression over Northeast Bay of Bengal and adjoining Bangladesh during 13th Sept – 17th Sept, 2024",11,2024-09-16 00:00:00,2024-09-16,0000,23.1,86.7,,990.0,30.0,5.0,DD
2024,8,DEEP DEPRESSION,"Best track positions and other parameters of the Deep Depression over Northeast Bay of Bengal and adjoining Bangladesh during 13th Sept – 17th Sept, 2024",11,2024-09-16 00:00:00,2024-09-16,0000,23.2,86.4,,990.0,30.0,5.0,DD
2024,8,DEEP DEPRESSION,"Best track positions and other parameters of the Deep Depression over Northeast Bay of Bengal and adjoining Bangladesh during 13th Sept – 17th Sept, 2024",11,2024-09-16 00:00:00,2024-09-16,0000,23.3,85.2,,990.0,30.0,5.0,DD
2024,8,DEEP DEPRESSION,"Best track positions and other parameters of the Deep Depression over Northeast Bay of Bengal and adjoining Bangladesh during 13th Sept – 17th Sept, 2024",11,2024-09-16 00:00:00,2024-09-16,0000,23.4,84.6,,991.0,30.0,5.0,DD
2024,8,DEEP DEPRESSION,"Best track positions and other parameters of the Deep Depression over Northeast Bay of Bengal and adjoining Bangladesh during 13th Sept – 17th Sept, 2024",11,2024-09-17 00:00:00,2024-09-17,0000,23.6,84.2,,992.0,25.0,4.0,D
2024,8,DEEP DEPRESSION,"Best track positions and other parameters of the Deep Depression over Northeast Bay of Bengal and adjoining Bangladesh during 13th Sept – 17th Sept, 2024",12,2024-09-17 00:00:00,2024-09-17,0000,23.7,83.7,,993.0,25.0,4.0,D
2024,8,DEEP DEPRESSION,"Best track positions and other parameters of the Deep Depression over Northeast Bay of Bengal and adjoining Bangladesh during 13th Sept – 17th Sept, 2024",12,2024-09-17 00:00:00,2024-09-17,0000,23.7,82.7,,995.0,20.0,3.0,D
2024,8,DEEP DEPRESSION,"Best track positions and other parameters of the Deep Depression over Northeast Bay of Bengal and adjoining Bangladesh during 13th Sept – 17th Sept, 2024",12,2024-09-17 00:00:00,2024-09-17,0000,24.0,81.3,,995.0,20.0,3.0,D
2024,8,DEEP DEPRESSION,"Best track positions and other parameters of the Deep Depression over Northeast Bay of Bengal and adjoining Bangladesh during 13th Sept – 17th Sept, 2024",12,2024-09-17 00:00:00,2024-09-17,0000,24.2,80.3,,995.0,20.0,3.0,D
2024,9,DEPRESSION,"Best track positions and other parameters of the Depression over central Arabian Sea during 13th Oct – 15th Oct, 2024",13,2024-10-13 12:00:00,2024-10-13,1200,15.6,65.0,1.5,1002.0,20.0,3.0,D
2024,9,DEPRESSION,"Best track positions and other parameters of the Depression over central Arabian Sea during 13th Oct – 15th Oct, 2024",13,2024-10-13 18:00:00,2024-10-13,1800,15.7,64.7,1.5,1002.0,20.0,3.0,D
2024,9,DEPRESSION,"Best track positions and other parameters of the Depression over central Arabian Sea during 13th Oct – 15th Oct, 2024",13,2024-10-14 00:00:00,2024-10-14,0000,15.8,64.5,1.5,1002.0,20.0,3.0,D
2024,9,DEPRESSION,"Best track positions and other parameters of the Depression over central Arabian Sea during 13th Oct – 15th Oct, 2024",13,2024-10-14 03:00:00,2024-10-14,0300,15.8,64.3,1.5,1001.0,25.0,4.0,D
2024,9,DEPRESSION,"Best track positions and other parameters of the Depression over central Arabian Sea during 13th Oct – 15th Oct, 2024",13,2024-10-14 06:00:00,2024-10-14,0600,16.0,64.0,1.5,1001.0,25.0,4.0,D
2024,9,DEPRESSION,"Best track positions and other parameters of the Depression over central Arabian Sea during 13th Oct – 15th Oct, 2024",13,2024-10-14 12:00:00,2024-10-14,1200,16.1,62.0,1.5,1001.0,25.0,4.0,D
2024,9,DEPRESSION,"Best track positions and other parameters of the Depression over central Arabian Sea during 13th Oct – 15th Oct, 2024",13,2024-10-14 18:00:00,2024-10-14,1800,16.1,61.5,1.5,1001.0,25.0,4.0,D
2024,9,DEPRESSION,"Best track positions and other parameters of the Depression over central Arabian Sea during 13th Oct – 15th Oct, 2024",13,2024-10-15 00:00:00,2024-10-15,0000,16.1,61.0,1.5,1002.0,20.0,3.0,D
2024,9,DEPRESSION,"Best track positions and other parameters of the Depression over central Arabian Sea during 13th Oct – 15th Oct, 2024",13,2024-10-15 03:00:00,2024-10-15,0300,16.8,60.5,1.5,1002.0,20.0,3.0,D
2024,9,DEPRESSION,"Best track positions and other parameters of the Depression over central Arabian Sea during 13th Oct – 15th Oct, 2024",13,2024-10-15 06:00:00,2024-10-15,0600,17.5,59.8,1.5,1002.0,20.0,3.0,D
2024,9,DEPRESSION,"Best track positions and other parameters of the Depression over central Arabian Sea during 13th Oct – 15th Oct, 2024",13,2024-10-15 12:00:00,2024-10-15,1200,18.3,58.8,1.5,1002.0,20.0,3.0,D
2024,10,DEPRESSION,"Best track positions and other parameters of the Depression over southwest Bay of Bengal during 15th Oct – 17th Oct, 2024",14,2024-10-15 12:00:00,2024-10-15,1200,11.4,84.4,1.5,1002.0,20.0,3.0,D
2024,10,DEPRESSION,"Best track positions and other parameters of the Depression over southwest Bay of Bengal during 15th Oct – 17th Oct, 2024",14,2024-10-15 18:00:00,2024-10-15,1800,11.8,84.0,1.5,1002.0,20.0,3.0,D
2024,10,DEPRESSION,"Best track positions and other parameters of the Depression over southwest Bay of Bengal during 15th Oct – 17th Oct, 2024",14,2024-10-16 00:00:00,2024-10-16,0000,12.1,83.4,1.5,1002.0,20.0,3.0,D
2024,10,DEPRESSION,"Best track positions and other parameters of the Depression over southwest Bay of Bengal during 15th Oct – 17th Oct, 2024",14,2024-10-16 03:00:00,2024-10-16,0300,12.3,83.0,1.5,1000.0,25.0,4.0,D
2024,10,DEPRESSION,"Best track positions and other parameters of the Depression over southwest Bay of Bengal during 15th Oct – 17th Oct, 2024",14,2024-10-16 06:00:00,2024-10-16,0600,12.5,82.7,1.5,1000.0,25.0,4.0,D
2024,10,DEPRESSION,"Best track positions and other parameters of the Depression over southwest Bay of Bengal during 15th Oct – 17th Oct, 2024",14,2024-10-16 12:00:00,2024-10-16,1200,12.9,81.9,1.5,1000.0,25.0,4.0,D
2024,10,DEPRESSION,"Best track positions and other parameters of the Depression over southwest Bay of Bengal during 15th Oct – 17th Oct, 2024",14,2024-10-16 18:00:00,2024-10-16,1800,13.4,80.8,1.5,1000.0,25.0,4.0,D
2024,11,DANA,"Best track positions and other parameters of the Severe Cyclonic Storm “DANA” over Eastcentral Bay of Bengal during 22nd – 26th October, 2024",15,2024-10-22 00:00:00,2024-10-22,0000,15.4,91.6,1.5,1003.0,20.0,3.0,D
2024,11,DANA,"Best track positions and other parameters of the Severe Cyclonic Storm “DANA” over Eastcentral Bay of Bengal during 22nd – 26th October, 2024",15,2024-10-22 03:00:00,2024-10-22,0300,15.5,91.4,1.5,1002.0,20.0,3.0,D
2024,11,DANA,"Best track positions and other parameters of the Severe Cyclonic Storm “DANA” over Eastcentral Bay of Bengal during 22nd – 26th October, 2024",15,2024-10-22 06:00:00,2024-10-22,0600,15.5,91.3,1.5,1000.0,25.0,4.0,D
2024,11,DANA,"Best track positions and other parameters of the Severe Cyclonic Storm “DANA” over Eastcentral Bay of Bengal during 22nd – 26th October, 2024",15,2024-10-22 12:00:00,2024-10-22,1200,15.6,90.9,2.0,999.0,30.0,5.0,DD
2024,11,DANA,"Best track positions and other parameters of the Severe Cyclonic Storm “DANA” over Eastcentral Bay of Bengal during 22nd – 26th October, 2024",15,2024-10-22 18:00:00,2024-10-22,1800,15.8,90.5,2.0,998.0,30.0,6.0,DD
2024,11,DANA,"Best track positions and other parameters of the Severe Cyclonic Storm “DANA” over Eastcentral Bay of Bengal during 22nd – 26th October, 2024",15,2024-10-23 00:00:00,2024-10-23,0000,16.2,89.8,2.5,997.0,35.0,7.0,CS
2024,11,DANA,"Best track positions and other parameters of the Severe Cyclonic Storm “DANA” over Eastcentral Bay of Bengal during 22nd – 26th October, 2024",15,2024-10-23 03:00:00,2024-10-23,0300,16.5,89.6,2.5,996.0,35.0,8.0,CS
2024,11,DANA,"Best track positions and other parameters of the Severe Cyclonic Storm “DANA” over Eastcentral Bay of Bengal during 22nd – 26th October, 2024",15,2024-10-23 06:00:00,2024-10-23,0600,16.7,89.2,2.5,995.0,40.0,9.0,CS
2024,11,DANA,"Best track positions and other parameters of the Severe Cyclonic Storm “DANA” over Eastcentral Bay of Bengal during 22nd – 26th October, 2024",15,2024-10-23 09:00:00,2024-10-23,0900,16.9,89.1,3.0,994.0,45.0,10.0,CS
2024,11,DANA,"Best track positions and other parameters of the Severe Cyclonic Storm “DANA” over Eastcentral Bay of Bengal during 22nd – 26th October, 2024",15,2024-10-23 12:00:00,2024-10-23,1200,17.2,88.9,3.0,992.0,45.0,12.0,CS
2024,11,DANA,"Best track positions and other parameters of the Severe Cyclonic Storm “DANA” over Eastcentral Bay of Bengal during 22nd – 26th October, 2024",15,2024-10-23 15:00:00,2024-10-23,1500,17.6,88.7,3.0,992.0,45.0,12.0,CS
2024,11,DANA,"Best track positions and other parameters of the Severe Cyclonic Storm “DANA” over Eastcentral Bay of Bengal during 22nd – 26th October, 2024",15,2024-10-23 18:00:00,2024-10-23,1800,17.9,88.5,3.0,990.0,50.0,14.0,SCS
2024,11,DANA,"Best track positions and other parameters of the Severe Cyclonic Storm “DANA” over Eastcentral Bay of Bengal during 22nd – 26th October, 2024",15,2024-10-23 21:00:00,2024-10-23,2100,18.3,88.3,3.0,990.0,50.0,14.0,SCS
2024,11,DANA,"Best track positions and other parameters of the Severe Cyclonic Storm “DANA” over Eastcentral Bay of Bengal during 22nd – 26th October, 2024",15,2024-10-24 00:00:00,2024-10-24,0000,18.6,88.2,3.5,988.0,55.0,16.0,SCS
2024,11,DANA,"Best track positions and other parameters of the Severe Cyclonic Storm “DANA” over Eastcentral Bay of Bengal during 22nd – 26th October, 2024",16,2024-10-24 00:00:00,2024-10-24,0000,20.7,87.0,,988.0,55.0,16.0,SCS
2024,11,DANA,"Best track positions and other parameters of the Severe Cyclonic Storm “DANA” over Eastcentral Bay of Bengal during 22nd – 26th October, 2024",15,2024-10-24 03:00:00,2024-10-24,0300,18.9,88.0,3.5,988.0,55.0,16.0,SCS
2024,11,DANA,"Best track positions and other parameters of the Severe Cyclonic Storm “DANA” over Eastcentral Bay of Bengal during 22nd – 26th October, 2024",15,2024-10-24 06:00:00,2024-10-24,0600,19.2,87.8,3.5,988.0,55.0,16.0,SCS
2024,11,DANA,"Best track positions and other parameters of the Severe Cyclonic Storm “DANA” over Eastcentral Bay of Bengal during 22nd – 26th October, 2024",15,2024-10-24 09:00:00,2024-10-24,0900,19.4,87.6,3.5,986.0,60.0,18.0,SCS
2024,11,DANA,"Best track positions and other parameters of the Severe Cyclonic Storm “DANA” over Eastcentral Bay of Bengal during 22nd – 26th October, 2024",15,2024-10-24 12:00:00,2024-10-24,1200,19.8,87.5,3.5,986.0,60.0,18.0,SCS
2024,11,DANA,"Best track positions and other parameters of the Severe Cyclonic Storm “DANA” over Eastcentral Bay of Bengal during 22nd – 26th October, 2024",15,2024-10-24 15:00:00,2024-10-24,1500,20.1,87.3,3.5,986.0,60.0,18.0,SCS
2024,11,DANA,"Best track positions and other parameters of the Severe Cyclonic Storm “DANA” over Eastcentral Bay of Bengal during 22nd – 26th October, 2024",15,2024-10-24 18:00:00,2024-10-24,1800,20.5,87.1,3.5,988.0,55.0,16.0,SCS
2024,11,DANA,"Best track positions and other parameters of the Severe Cyclonic Storm “DANA” over Eastcentral Bay of Bengal during 22nd – 26th October, 2024",16,2024-10-25 00:00:00,2024-10-25,0000,21.0,86.8,,990.0,50.0,14.0,SCS
2024,11,DANA,"Best track positions and other parameters of the Severe Cyclonic Storm “DANA” over Eastcentral Bay of Bengal during 22nd – 26th October, 2024",16,2024-10-25 00:00:00,2024-10-25,0000,21.2,86.7,,994.0,45.0,10.0,CS
2024,11,DANA,"Best track positions and other parameters of the Severe Cyclonic Storm “DANA” over Eastcentral Bay of Bengal during 22nd – 26th October, 2024",16,2024-10-25 00:00:00,2024-10-25,0000,21.3,86.6,,997.0,35.0,7.0,CS
2024,11,DANA,"Best track positions and other parameters of the Severe Cyclonic Storm “DANA” over Eastcentral Bay of Bengal during 22nd – 26th October, 2024",16,2024-10-25 00:00:00,2024-10-25,0000,21.4,86.4,,998.0,30.0,6.0,DD
2024,11,DANA,"Best track positions and other parameters of the Severe Cyclonic Storm “DANA” over Eastcentral Bay of Bengal during 22nd – 26th October, 2024",16,2024-10-25 00:00:00,2024-10-25,0000,21.4,86.3,,999.0,30.0,5.0,DD
2024,11,DANA,"Best track positions and other parameters of the Severe Cyclonic Storm “DANA” over Eastcentral Bay of Bengal during 22nd – 26th October, 2024",16,2024-10-25 00:00:00,2024-10-25,0000,21.4,86.2,,1000.0,25.0,4.0,D
2024,12,FENGAL,"Best track positions and other parameters of the Cyclonic Storm “Fengal” over Southwest Bay of Bengal during 25th November – 01st December, 2024",17,2024-11-25 03:00:00,2024-11-25,0300,5.0,85.3,1.5,1003.0,20.0,3.0,D
2024,12,FENGAL,"Best track positions and other parameters of the Cyclonic Storm “Fengal” over Southwest Bay of Bengal during 25th November – 01st December, 2024",17,2024-11-25 06:00:00,2024-11-25,0600,5.1,84.5,1.5,1003.0,20.0,3.0,D
2024,12,FENGAL,"Best track positions and other parameters of the Cyclonic Storm “Fengal” over Southwest Bay of Bengal during 25th November – 01st December, 2024",17,2024-11-25 12:00:00,2024-11-25,1200,5.2,83.5,1.5,1002.0,25.0,4.0,D
2024,12,FENGAL,"Best track positions and other parameters of the Cyclonic Storm “Fengal” over Southwest Bay of Bengal during 25th November – 01st December, 2024",17,2024-11-25 18:00:00,2024-11-25,1800,5.5,83.2,1.5,1002.0,25.0,4.0,D
2024,12,FENGAL,"Best track positions and other parameters of the Cyclonic Storm “Fengal” over Southwest Bay of Bengal during 25th November – 01st December, 2024",17,2024-11-26 00:00:00,2024-11-26,0000,6.0,82.9,1.5,1002.0,25.0,4.0,D
2024,12,FENGAL,"Best track positions and other parameters of the Cyclonic Storm “Fengal” over Southwest Bay of Bengal during 25th November – 01st December, 2024",17,2024-11-26 03:00:00,2024-11-26,0300,6.3,82.8,2.0,1001.0,30.0,5.0,DD
2024,12,FENGAL,"Best track positions and other parameters of the Cyclonic Storm “Fengal” over Southwest Bay of Bengal during 25th November – 01st December, 2024",17,2024-11-26 06:00:00,2024-11-26,0600,6.6,82.8,2.0,1001.0,30.0,5.0,DD
2024,12,FENGAL,"Best track positions and other parameters of the Cyclonic Storm “Fengal” over Southwest Bay of Bengal during 25th November – 01st December, 2024",17,2024-11-26 12:00:00,2024-11-26,1200,7.0,82.7,2.0,1001.0,30.0,5.0,DD
2024,12,FENGAL,"Best track positions and other parameters of the Cyclonic Storm “Fengal” over Southwest Bay of Bengal during 25th November – 01st December, 2024",17,2024-11-26 18:00:00,2024-11-26,1800,7.5,82.6,2.0,1001.0,30.0,5.0,DD
2024,12,FENGAL,"Best track positions and other parameters of the Cyclonic Storm “Fengal” over Southwest Bay of Bengal during 25th November – 01st December, 2024",17,2024-11-27 00:00:00,2024-11-27,0000,8.2,82.4,2.0,1001.0,30.0,5.0,DD
2024,12,FENGAL,"Best track positions and other parameters of the Cyclonic Storm “Fengal” over Southwest Bay of Bengal during 25th November – 01st December, 2024",17,2024-11-27 03:00:00,2024-11-27,0300,8.5,82.3,2.0,1001.0,30.0,5.0,DD
2024,12,FENGAL,"Best track positions and other parameters of the Cyclonic Storm “Fengal” over Southwest Bay of Bengal during 25th November – 01st December, 2024",17,2024-11-27 06:00:00,2024-11-27,0600,8.7,82.2,2.0,1001.0,30.0,5.0,DD
2024,12,FENGAL,"Best track positions and other parameters of the Cyclonic Storm “Fengal” over Southwest Bay of Bengal during 25th November – 01st December, 2024",17,2024-11-27 12:00:00,2024-11-27,1200,8.9,82.2,2.0,1000.0,30.0,6.0,DD
2024,12,FENGAL,"Best track positions and other parameters of the Cyclonic Storm “Fengal” over Southwest Bay of Bengal during 25th November – 01st December, 2024",17,2024-11-27 18:00:00,2024-11-27,1800,9.0,82.2,2.0,1000.0,30.0,6.0,DD
2024,12,FENGAL,"Best track positions and other parameters of the Cyclonic Storm “Fengal” over Southwest Bay of Bengal during 25th November – 01st December, 2024",17,2024-11-28 00:00:00,2024-11-28,0000,9.0,82.2,2.0,1000.0,30.0,6.0,DD
2024,12,FENGAL,"Best track positions and other parameters of the Cyclonic Storm “Fengal” over Southwest Bay of Bengal during 25th November – 01st December, 2024",17,2024-11-28 03:00:00,2024-11-28,0300,9.1,82.3,2.0,1000.0,30.0,6.0,DD
2024,12,FENGAL,"Best track positions and other parameters of the Cyclonic Storm “Fengal” over Southwest Bay of Bengal during 25th November – 01st December, 2024",17,2024-11-28 06:00:00,2024-11-28,0600,9.3,82.4,2.0,1000.0,30.0,6.0,DD
2024,12,FENGAL,"Best track positions and other parameters of the Cyclonic Storm “Fengal” over Southwest Bay of Bengal during 25th November – 01st December, 2024",17,2024-11-28 12:00:00,2024-11-28,1200,9.6,82.7,2.0,1000.0,30.0,6.0,DD
2024,12,FENGAL,"Best track positions and other parameters of the Cyclonic Storm “Fengal” over Southwest Bay of Bengal during 25th November – 01st December, 2024",17,2024-11-28 18:00:00,2024-11-28,1800,10.1,82.8,2.0,1000.0,30.0,6.0,DD
2024,12,FENGAL,"Best track positions and other parameters of the Cyclonic Storm “Fengal” over Southwest Bay of Bengal during 25th November – 01st December, 2024",17,2024-11-29 00:00:00,2024-11-29,0000,10.4,82.7,2.0,1000.0,30.0,6.0,DD
2024,12,FENGAL,"Best track positions and other parameters of the Cyclonic Storm “Fengal” over Southwest Bay of Bengal during 25th November – 01st December, 2024",17,2024-11-29 03:00:00,2024-11-29,0300,10.6,82.6,2.0,1000.0,30.0,6.0,DD
2024,12,FENGAL,"Best track positions and other parameters of the Cyclonic Storm “Fengal” over Southwest Bay of Bengal during 25th November – 01st December, 2024",17,2024-11-29 06:00:00,2024-11-29,0600,10.9,82.5,2.0,1000.0,30.0,6.0,DD
2024,12,FENGAL,"Best track positions and other parameters of the Cyclonic Storm “Fengal” over Southwest Bay of Bengal during 25th November – 01st December, 2024",18,2024-11-29 09:00:00,2024-11-29,0900,11.2,82.2,2.5,999.0,35.0,7.0,CS
2024,12,FENGAL,"Best track positions and other parameters of the Cyclonic Storm “Fengal” over Southwest Bay of Bengal during 25th November – 01st December, 2024",18,2024-11-29 12:00:00,2024-11-29,1200,11.5,81.9,2.5,999.0,35.0,7.0,CS
2024,12,FENGAL,"Best track positions and other parameters of the Cyclonic Storm “Fengal” over Southwest Bay of Bengal during 25th November – 01st December, 2024",18,2024-11-29 15:00:00,2024-11-29,1500,11.6,81.7,2.5,999.0,35.0,7.0,CS
2024,12,FENGAL,"Best track positions and other parameters of the Cyclonic Storm “Fengal” over Southwest Bay of Bengal during 25th November – 01st December, 2024",18,2024-11-29 18:00:00,2024-11-29,1800,11.8,81.7,2.5,999.0,35.0,7.0,CS
2024,12,FENGAL,"Best track positions and other parameters of the Cyclonic Storm “Fengal” over Southwest Bay of Bengal during 25th November – 01st December, 2024",18,2024-11-29 21:00:00,2024-11-29,2100,11.9,81.5,2.5,996.0,40.0,8.0,CS
2024,12,FENGAL,"Best track positions and other parameters of the Cyclonic Storm “Fengal” over Southwest Bay of Bengal during 25th November – 01st December, 2024",18,2024-11-30 00:00:00,2024-11-30,0000,12.2,81.2,3.0,996.0,45.0,10.0,CS
2024,12,FENGAL,"Best track positions and other parameters of the Cyclonic Storm “Fengal” over Southwest Bay of Bengal during 25th November – 01st December, 2024",18,2024-11-30 00:00:00,2024-11-30,0000,12.0,79.8,,998.0,40.0,10.0,CS
2024,12,FENGAL,"Best track positions and other parameters of the Cyclonic Storm “Fengal” over Southwest Bay of Bengal during 25th November – 01st December, 2024",18,2024-11-30 00:00:00,2024-11-30,0000,12.0,79.8,,999.0,35.0,11.0,CS
2024,12,FENGAL,"Best track positions and other parameters of the Cyclonic Storm “Fengal” over Southwest Bay of Bengal during 25th November – 01st December, 2024",18,2024-11-30 03:00:00,2024-11-30,0300,12.3,80.9,3.0,996.0,45.0,10.0,CS
2024,12,FENGAL,"Best track positions and other parameters of the Cyclonic Storm “Fengal” over Southwest Bay of Bengal during 25th November – 01st December, 2024",18,2024-11-30 06:00:00,2024-11-30,0600,12.3,80.7,3.0,996.0,45.0,10.0,CS
2024,12,FENGAL,"Best track positions and other parameters of the Cyclonic Storm “Fengal” over Southwest Bay of Bengal during 25th November – 01st December, 2024",18,2024-11-30 09:00:00,2024-11-30,0900,12.3,80.5,3.0,996.0,45.0,12.0,CS
2024,12,FENGAL,"Best track positions and other parameters of the Cyclonic Storm “Fengal” over Southwest Bay of Bengal during 25th November – 01st December, 2024",18,2024-11-30 12:00:00,2024-11-30,1200,12.3,80.3,3.0,998.0,40.0,11.0,CS
2024,12,FENGAL,"Best track positions and other parameters of the Cyclonic Storm “Fengal” over Southwest Bay of Bengal during 25th November – 01st December, 2024",18,2024-11-30 15:00:00,2024-11-30,1500,12.2,80.1,2.5,998.0,40.0,10.0,CS
2024,12,FENGAL,"Best track positions and other parameters of the Cyclonic Storm “Fengal” over Southwest Bay of Bengal during 25th November – 01st December, 2024",18,2024-12-01 00:00:00,2024-12-01,0000,12.0,79.8,,999.0,35.0,10.0,CS
2024,12,FENGAL,"Best track positions and other parameters of the Cyclonic Storm “Fengal” over Southwest Bay of Bengal during 25th November – 01st December, 2024",18,2024-12-01 00:00:00,2024-12-01,0000,12.0,79.8,,999.0,35.0,7.0,CS
2024,12,FENGAL,"Best track positions and other parameters of the Cyclonic Storm “Fengal” over Southwest Bay of Bengal during 25th November – 01st December, 2024",18,2024-12-01 00:00:00,2024-12-01,0000,12.0,79.8,,1000.0,30.0,6.0,DD
2024,12,FENGAL,"Best track positions and other parameters of the Cyclonic Storm “Fengal” over Southwest Bay of Bengal during 25th November – 01st December, 2024",18,2024-12-01 00:00:00,2024-12-01,0000,12.1,79.6,,1001.0,25.0,4.0,D
2024,12,FENGAL,"Best track positions and other parameters of the Cyclonic Storm “Fengal” over Southwest Bay of Bengal during 25th November – 01st December, 2024",18,2024-12-01 00:00:00,2024-12-01,0000,12.1,79.2,,1002.0,25.0,3.0,D
2024,13,DEPRESSION,"Best track positions and other parameters of the Depression over westcentral Bay of Bengal during 20th – 21st December, 2024",19,2024-12-01 00:00:00,2024-12-01,0000,13.9,84.2,1.5,1002.0,25.0,4.0,D
2024,13,DEPRESSION,"Best track positions and other parameters of the Depression over westcentral Bay of Bengal during 20th – 21st December, 2024",19,2024-12-01 03:00:00,2024-12-01,0300,14.0,84.5,1.5,1002.0,25.0,4.0,D
2024,13,DEPRESSION,"Best track positions and other parameters of the Depression over westcentral Bay of Bengal during 20th – 21st December, 2024",19,2024-12-01 06:00:00,2024-12-01,0600,14.1,84.6,1.5,1003.0,20.0,3.0,D
2024,13,DEPRESSION,"Best track positions and other parameters of the Depression over westcentral Bay of Bengal during 20th – 21st December, 2024",19,2024-12-01 12:00:00,2024-12-01,1200,13.7,83.5,1.5,1003.0,20.0,3.0,D
2024,13,DEPRESSION,"Best track positions and other parameters of the Depression over westcentral Bay of Bengal during 20th – 21st December, 2024",19,2024-12-01 18:00:00,2024-12-01,1800,13.9,83.7,1.5,1003.0,25.0,3.0,D
2025,1,DEPRESSION,"Best track positions and other parameters of the Depression over Eastcentral Arabian Sea and adjoining south Konkan coast during 24th May – 25th May, 2025",2,2025-05-24 00:00:00,2025-05-24,0000,17.0,73.0,1.5,998.0,25.0,3.0,D
2025,1,DEPRESSION,"Best track positions and other parameters of the Depression over Eastcentral Arabian Sea and adjoining south Konkan coast during 24th May – 25th May, 2025",2,2025-05-24 00:00:00,2025-05-24,0000,17.2,74.3,,998.0,25.0,4.0,D
2025,1,DEPRESSION,"Best track positions and other parameters of the Depression over Eastcentral Arabian Sea and adjoining south Konkan coast during 24th May – 25th May, 2025",2,2025-05-24 00:00:00,2025-05-24,0000,17.4,75.3,,998.0,25.0,4.0,D
2025,1,DEPRESSION,"Best track positions and other parameters of the Depression over Eastcentral Arabian Sea and adjoining south Konkan coast during 24th May – 25th May, 2025",2,2025-05-24 03:00:00,2025-05-24,0300,17.0,73.2,1.5,998.0,25.0,3.0,D
2025,1,DEPRESSION,"Best track positions and other parameters of the Depression over Eastcentral Arabian Sea and adjoining south Konkan coast during 24th May – 25th May, 2025",2,2025-05-24 06:00:00,2025-05-24,0600,17.0,73.3,1.5,998.0,25.0,3.0,D
2025,2,DEEP DEPRESSION,"Best track positions and other parameters of the Deep Depression Over Northwest Bay of Bengal off West Bengal-Bangladesh Coasts during 29th May – 30th May, 2025",3,2025-05-29 00:00:00,2025-05-29,0000,20.8,88.3,1.5,988.0,25.0,4.0,D
2025,2,DEEP DEPRESSION,"Best track positions and other parameters of the Deep Depression Over Northwest Bay of Bengal off West Bengal-Bangladesh Coasts during 29th May – 30th May, 2025",3,2025-05-29 00:00:00,2025-05-29,0000,22.0,88.4,,986.0,30.0,5.0,DD
2025,2,DEEP DEPRESSION,"Best track positions and other parameters of the Deep Depression Over Northwest Bay of Bengal off West Bengal-Bangladesh Coasts during 29th May – 30th May, 2025",3,2025-05-29 00:00:00,2025-05-29,0000,22.2,88.6,,987.0,30.0,5.0,DD
2025,2,DEEP DEPRESSION,"Best track positions and other parameters of the Deep Depression Over Northwest Bay of Bengal off West Bengal-Bangladesh Coasts during 29th May – 30th May, 2025",3,2025-05-29 00:00:00,2025-05-29,0000,23.0,89.2,,988.0,30.0,5.0,DD
2025,2,DEEP DEPRESSION,"Best track positions and other parameters of the Deep Depression Over Northwest Bay of Bengal off West Bengal-Bangladesh Coasts during 29th May – 30th May, 2025",3,2025-05-29 03:00:00,2025-05-29,0300,21.3,88.3,2.0,986.0,30.0,5.0,DD
2025,2,DEEP DEPRESSION,"Best track positions and other parameters of the Deep Depression Over Northwest Bay of Bengal off West Bengal-Bangladesh Coasts during 29th May – 30th May, 2025",3,2025-05-30 00:00:00,2025-05-30,0000,24.1,89.4,,990.0,25.0,4.0,D
2025,2,DEEP DEPRESSION,"Best track positions and other parameters of the Deep Depression Over Northwest Bay of Bengal off West Bengal-Bangladesh Coasts during 29th May – 30th May, 2025",3,2025-05-30 00:00:00,2025-05-30,0000,24.3,89.6,,992.0,20.0,3.0,D
2025,2,DEEP DEPRESSION,"Best track positions and other parameters of the Deep Depression Over Northwest Bay of Bengal off West Bengal-Bangladesh Coasts during 29th May – 30th May, 2025",3,2025-05-30 00:00:00,2025-05-30,0000,25.1,90.2,,992.0,20.0,3.0,D
2025,3,DEPRESSION,"Best track positions and other parameters of the Depression over southeast Gangetic West Bengal and adjoining Bangladesh during 14th – 15th July, 2025",4,2025-07-14 00:00:00,2025-07-14,0000,23.0,88.8,,996.0,20.0,3.0,D
2025,3,DEPRESSION,"Best track positions and other parameters of the Depression over southeast Gangetic West Bengal and adjoining Bangladesh during 14th – 15th July, 2025",4,2025-07-14 00:00:00,2025-07-14,0000,23.3,88.4,,996.0,20.0,3.0,D
2025,3,DEPRESSION,"Best track positions and other parameters of the Depression over southeast Gangetic West Bengal and adjoining Bangladesh during 14th – 15th July, 2025",4,2025-07-14 00:00:00,2025-07-14,0000,23.5,88.0,,996.0,20.0,3.0,D
2025,3,DEPRESSION,"Best track positions and other parameters of the Depression over southeast Gangetic West Bengal and adjoining Bangladesh during 14th – 15th July, 2025",4,2025-07-15 00:00:00,2025-07-15,0000,24.0,86.7,,996.0,20.0,3.0,D
2025,4,DEPRESSION,"Best track positions and other parameters of the Depression over central parts of north Rajasthan during 15th – 16th July, 2025",4,2025-07-15 00:00:00,2025-07-15,0000,27.4,75.4,,993.0,20.0,3.0,D
2025,4,DEPRESSION,"Best track positions and other parameters of the Depression over central parts of north Rajasthan during 15th – 16th July, 2025",4,2025-07-15 00:00:00,2025-07-15,0000,27.7,75.0,,993.0,20.0,3.0,D
2025,4,DEPRESSION,"Best track positions and other parameters of the Depression over central parts of north Rajasthan during 15th – 16th July, 2025",4,2025-07-15 00:00:00,2025-07-15,0000,29.0,73.7,,994.0,20.0,3.0,D
2025,4,DEPRESSION,"Best track positions and other parameters of the Depression over central parts of north Rajasthan during 15th – 16th July, 2025",4,2025-07-15 00:00:00,2025-07-15,0000,29.2,73.5,,995.0,20.0,3.0,D
2025,5,DEPRESSION,"Best track positions and other parameters of the Depression over Southeast Uttar Pradesh during 17th – 20th July, 2025",5,2025-07-17 00:00:00,2025-07-17,0000,25.2,81.8,,993.0,25.0,4.0,D
2025,5,DEPRESSION,"Best track positions and other parameters of the Depression over Southeast Uttar Pradesh during 17th – 20th July, 2025",5,2025-07-17 00:00:00,2025-07-17,0000,25.2,81.5,,993.0,25.0,4.0,D
2025,5,DEPRESSION,"Best track positions and other parameters of the Depression over Southeast Uttar Pradesh during 17th – 20th July, 2025",5,2025-07-17 00:00:00,2025-07-17,0000,25.3,81.2,,993.0,25.0,4.0,D
2025,5,DEPRESSION,"Best track positions and other parameters of the Depression over Southeast Uttar Pradesh during 17th – 20th July, 2025",5,2025-07-17 00:00:00,2025-07-17,0000,25.6,80.3,,993.0,25.0,4.0,D
2025,5,DEPRESSION,"Best track positions and other parameters of the Depression over Southeast Uttar Pradesh during 17th – 20th July, 2025",5,2025-07-17 00:00:00,2025-07-17,0000,25.8,79.8,,993.0,25.0,4.0,D
2025,5,DEPRESSION,"Best track positions and other parameters of the Depression over Southeast Uttar Pradesh during 17th – 20th July, 2025",5,2025-07-18 00:00:00,2025-07-18,0000,26.3,79.0,,993.0,25.0,4.0,D
2025,5,DEPRESSION,"Best track positions and other parameters of the Depression over Southeast Uttar Pradesh during 17th – 20th July, 2025",5,2025-07-18 00:00:00,2025-07-18,0000,26.4,78.5,,993.0,25.0,4.0,D
2025,5,DEPRESSION,"Best track positions and other parameters of the Depression over Southeast Uttar Pradesh during 17th – 20th July, 2025",5,2025-07-18 00:00:00,2025-07-18,0000,26.4,78.0,,993.0,25.0,4.0,D
2025,5,DEPRESSION,"Best track positions and other parameters of the Depression over Southeast Uttar Pradesh during 17th – 20th July, 2025",5,2025-07-18 00:00:00,2025-07-18,0000,27.0,77.2,,993.0,25.0,4.0,D
2025,5,DEPRESSION,"Best track positions and other parameters of the Depression over Southeast Uttar Pradesh during 17th – 20th July, 2025",5,2025-07-18 00:00:00,2025-07-18,0000,27.2,76.5,,993.0,25.0,4.0,D
2025,5,DEPRESSION,"Best track positions and other parameters of the Depression over Southeast Uttar Pradesh during 17th – 20th July, 2025",5,2025-07-19 00:00:00,2025-07-19,0000,27.4,75.1,,993.0,25.0,4.0,D
2025,5,DEPRESSION,"Best track positions and other parameters of the Depression over Southeast Uttar Pradesh during 17th – 20th July, 2025",5,2025-07-19 00:00:00,2025-07-19,0000,27.5,74.6,,993.0,20.0,3.0,D
2025,5,DEPRESSION,"Best track positions and other parameters of the Depression over Southeast Uttar Pradesh during 17th – 20th July, 2025",5,2025-07-19 00:00:00,2025-07-19,0000,27.5,74.2,,993.0,20.0,3.0,D
2025,5,DEPRESSION,"Best track positions and other parameters of the Depression over Southeast Uttar Pradesh during 17th – 20th July, 2025",5,2025-07-19 00:00:00,2025-07-19,0000,27.5,73.7,,993.0,20.0,3.0,D
2025,5,DEPRESSION,"Best track positions and other parameters of the Depression over Southeast Uttar Pradesh during 17th – 20th July, 2025",5,2025-07-19 00:00:00,2025-07-19,0000,27.5,73.0,,993.0,20.0,3.0,D
2025,6,DEPRESSION,Best track positions and other parameters of the Depression over Northwest Bay of Bengal during 25th – 27th July 2025,6,2025-07-25 00:00:00,2025-07-25,0000,21.4,89.5,1.5,988.0,25.0,4.0,D
2025,6,DEPRESSION,Best track positions and other parameters of the Depression over Northwest Bay of Bengal during 25th – 27th July 2025,6,2025-07-25 00:00:00,2025-07-25,0000,21.7,88.8,,988.0,25.0,4.0,D
2025,6,DEPRESSION,Best track positions and other parameters of the Depression over Northwest Bay of Bengal during 25th – 27th July 2025,6,2025-07-25 00:00:00,2025-07-25,0000,22.0,88.4,,988.0,25.0,4.0,D
2025,6,DEPRESSION,Best track positions and other parameters of the Depression over Northwest Bay of Bengal during 25th – 27th July 2025,6,2025-07-25 00:00:00,2025-07-25,0000,22.6,87.4,,988.0,25.0,4.0,D
2025,6,DEPRESSION,Best track positions and other parameters of the Depression over Northwest Bay of Bengal during 25th – 27th July 2025,6,2025-07-25 00:00:00,2025-07-25,0000,23.0,86.6,,988.0,25.0,4.0,D
2025,6,DEPRESSION,Best track positions and other parameters of the Depression over Northwest Bay of Bengal during 25th – 27th July 2025,6,2025-07-26 00:00:00,2025-07-26,0000,23.3,85.0,,988.0,25.0,4.0,D
2025,6,DEPRESSION,Best track positions and other parameters of the Depression over Northwest Bay of Bengal during 25th – 27th July 2025,6,2025-07-26 00:00:00,2025-07-26,0000,23.3,84.0,,990.0,20.0,3.0,D
2025,6,DEPRESSION,Best track positions and other parameters of the Depression over Northwest Bay of Bengal during 25th – 27th July 2025,6,2025-07-26 00:00:00,2025-07-26,0000,23.3,82.3,,990.0,20.0,3.0,D
2025,6,DEPRESSION,Best track positions and other parameters of the Depression over Northwest Bay of Bengal during 25th – 27th July 2025,6,2025-07-26 00:00:00,2025-07-26,0000,23.3,81.7,,990.0,20.0,3.0,D
2025,6,DEPRESSION,Best track positions and other parameters of the Depression over Northwest Bay of Bengal during 25th – 27th July 2025,6,2025-07-26 00:00:00,2025-07-26,0000,23.3,81.0,,992.0,20.0,3.0,D
2025,7,DEPRESSION,"Best track positions and other parameters of the Depression over northwest & adjoining westcentral Bay of Bengal and north Andhra Pradesh -south Odisha coasts during 18th August – 19th August, 2025",6,2025-08-18 12:00:00,2025-08-18,1200,18.9,85.0,1.5,996.0,20.0,3.0,D
2025,7,DEPRESSION,"Best track positions and other parameters of the Depression over northwest & adjoining westcentral Bay of Bengal and north Andhra Pradesh -south Odisha coasts during 18th August – 19th August, 2025",6,2025-08-18 18:00:00,2025-08-18,1800,19.0,84.9,1.5,996.0,20.0,3.0,D
2025,7,DEPRESSION,"Best track positions and other parameters of the Depression over northwest & adjoining westcentral Bay of Bengal and north Andhra Pradesh -south Odisha coasts during 18th August – 19th August, 2025",6,2025-08-19 00:00:00,2025-08-19,0000,19.3,84.8,,996.0,20.0,3.0,D
2025,7,DEPRESSION,"Best track positions and other parameters of the Depression over northwest & adjoining westcentral Bay of Bengal and north Andhra Pradesh -south Odisha coasts during 18th August – 19th August, 2025",6,2025-08-19 00:00:00,2025-08-19,0000,19.8,84.0,,996.0,20.0,3.0,D
2025,7,DEPRESSION,"Best track positions and other parameters of the Depression over northwest & adjoining westcentral Bay of Bengal and north Andhra Pradesh -south Odisha coasts during 18th August – 19th August, 2025",6,2025-08-19 00:00:00,2025-08-19,0000,20.0,83.3,,996.0,20.0,3.0,D
2025,8,DEEP DEPRESSION,"Best track positions and other parameters of the Land Deep Depression over Southwest Rajasthan and neighbourhood during 6th – 10th Sep, 2025",7,2025-09-06 00:00:00,2025-09-06,0000,25.0,72.5,,998.0,25.0,4.0,D
2025,8,DEEP DEPRESSION,"Best track positions and other parameters of the Land Deep Depression over Southwest Rajasthan and neighbourhood during 6th – 10th Sep, 2025",7,2025-09-07 00:00:00,2025-09-07,0000,24.3,72.2,,998.0,25.0,4.0,D
2025,8,DEEP DEPRESSION,"Best track positions and other parameters of the Land Deep Depression over Southwest Rajasthan and neighbourhood during 6th – 10th Sep, 2025",7,2025-09-07 00:00:00,2025-09-07,0000,24.2,71.8,,998.0,25.0,4.0,D
2025,8,DEEP DEPRESSION,"Best track positions and other parameters of the Land Deep Depression over Southwest Rajasthan and neighbourhood during 6th – 10th Sep, 2025",7,2025-09-07 00:00:00,2025-09-07,0000,24.3,71.4,,996.0,30.0,5.0,DD
2025,8,DEEP DEPRESSION,"Best track positions and other parameters of the Land Deep Depression over Southwest Rajasthan and neighbourhood during 6th – 10th Sep, 2025",7,2025-09-07 00:00:00,2025-09-07,0000,24.5,71.2,,995.0,30.0,6.0,DD
2025,8,DEEP DEPRESSION,"Best track positions and other parameters of the Land Deep Depression over Southwest Rajasthan and neighbourhood during 6th – 10th Sep, 2025",7,2025-09-07 00:00:00,2025-09-07,0000,24.6,71.0,,995.0,30.0,6.0,DD
2025,8,DEEP DEPRESSION,"Best track positions and other parameters of the Land Deep Depression over Southwest Rajasthan and neighbourhood during 6th – 10th Sep, 2025",7,2025-09-08 00:00:00,2025-09-08,0000,24.8,70.7,,995.0,30.0,6.0,DD
2025,8,DEEP DEPRESSION,"Best track positions and other parameters of the Land Deep Depression over Southwest Rajasthan and neighbourhood during 6th – 10th Sep, 2025",7,2025-09-08 00:00:00,2025-09-08,0000,25.0,70.5,,995.0,30.0,6.0,DD
2025,8,DEEP DEPRESSION,"Best track positions and other parameters of the Land Deep Depression over Southwest Rajasthan and neighbourhood during 6th – 10th Sep, 2025",7,2025-09-08 00:00:00,2025-09-08,0000,25.3,70.2,,995.0,30.0,6.0,DD
2025,8,DEEP DEPRESSION,"Best track positions and other parameters of the Land Deep Depression over Southwest Rajasthan and neighbourhood during 6th – 10th Sep, 2025",7,2025-09-08 00:00:00,2025-09-08,0000,25.8,69.5,,995.0,30.0,6.0,DD
2025,8,DEEP DEPRESSION,"Best track positions and other parameters of the Land Deep Depression over Southwest Rajasthan and neighbourhood during 6th – 10th Sep, 2025",7,2025-09-08 00:00:00,2025-09-08,0000,25.9,69.0,,997.0,25.0,4.0,D
2025,8,DEEP DEPRESSION,"Best track positions and other parameters of the Land Deep Depression over Southwest Rajasthan and neighbourhood during 6th – 10th Sep, 2025",7,2025-09-09 00:00:00,2025-09-09,0000,25.8,68.7,,998.0,25.0,4.0,D
2025,8,DEEP DEPRESSION,"Best track positions and other parameters of the Land Deep Depression over Southwest Rajasthan and neighbourhood during 6th – 10th Sep, 2025",7,2025-09-09 00:00:00,2025-09-09,0000,25.4,68.4,,998.0,25.0,4.0,D
2025,8,DEEP DEPRESSION,"Best track positions and other parameters of the Land Deep Depression over Southwest Rajasthan and neighbourhood during 6th – 10th Sep, 2025",7,2025-09-09 00:00:00,2025-09-09,0000,25.2,68.2,,999.0,25.0,4.0,D
2025,8,DEEP DEPRESSION,"Best track positions and other parameters of the Land Deep Depression over Southwest Rajasthan and neighbourhood during 6th – 10th Sep, 2025",7,2025-09-09 00:00:00,2025-09-09,0000,25.0,67.7,,999.0,25.0,4.0,D
2025,8,DEEP DEPRESSION,"Best track positions and other parameters of the Land Deep Depression over Southwest Rajasthan and neighbourhood during 6th – 10th Sep, 2025",7,2025-09-09 00:00:00,2025-09-09,0000,24.9,67.1,,999.0,25.0,4.0,D
2025,8,DEEP DEPRESSION,"Best track positions and other parameters of the Land Deep Depression over Southwest Rajasthan and neighbourhood during 6th – 10th Sep, 2025",7,2025-09-10 00:00:00,2025-09-10,0000,24.8,66.3,1.5,1000.0,25.0,4.0,D
2025,8,DEEP DEPRESSION,"Best track positions and other parameters of the Land Deep Depression over Southwest Rajasthan and neighbourhood during 6th – 10th Sep, 2025",7,2025-09-10 03:00:00,2025-09-10,0300,24.8,65.8,1.5,1000.0,25.0,4.0,D
2025,8,DEEP DEPRESSION,"Best track positions and other parameters of the Land Deep Depression over Southwest Rajasthan and neighbourhood during 6th – 10th Sep, 2025",7,2025-09-10 06:00:00,2025-09-10,0600,24.8,65.3,1.5,1000.0,25.0,4.0,D
2025,8,DEEP DEPRESSION,"Best track positions and other parameters of the Land Deep Depression over Southwest Rajasthan and neighbourhood during 6th – 10th Sep, 2025",7,2025-09-10 12:00:00,2025-09-10,1200,24.8,64.4,1.5,1000.0,25.0,4.0,D
2025,8,DEEP DEPRESSION,"Best track positions and other parameters of the Land Deep Depression over Southwest Rajasthan and neighbourhood during 6th – 10th Sep, 2025",7,2025-09-10 18:00:00,2025-09-10,1800,24.8,63.5,1.5,1001.0,20.0,3.0,D
2025,9,DEPRESSION,"Best track of Depression over northwest and adjoining westcentral Bay of Bengal off south Odisha-north Andhra Pradesh coasts during 26th - 28th September, 2025",8,2025-09-26 00:00:00,2025-09-26,0000,19.3,84.8,,998.0,25.0,4.0,D
2025,9,DEPRESSION,"Best track of Depression over northwest and adjoining westcentral Bay of Bengal off south Odisha-north Andhra Pradesh coasts during 26th - 28th September, 2025",8,2025-09-26 00:00:00,2025-09-26,0000,19.3,84.2,,998.0,25.0,4.0,D
2025,9,DEPRESSION,"Best track of Depression over northwest and adjoining westcentral Bay of Bengal off south Odisha-north Andhra Pradesh coasts during 26th - 28th September, 2025",8,2025-09-26 00:00:00,2025-09-26,0000,19.3,83.4,,998.0,25.0,4.0,D
2025,9,DEPRESSION,"Best track of Depression over northwest and adjoining westcentral Bay of Bengal off south Odisha-north Andhra Pradesh coasts during 26th - 28th September, 2025",8,2025-09-26 00:00:00,2025-09-26,0000,19.7,81.5,,999.0,20.0,3.0,D
2025,9,DEPRESSION,"Best track of Depression over northwest and adjoining westcentral Bay of Bengal off south Odisha-north Andhra Pradesh coasts during 26th - 28th September, 2025",8,2025-09-26 00:00:00,2025-09-26,0000,20.3,79.5,,999.0,20.0,3.0,D
2025,9,DEPRESSION,"Best track of Depression over northwest and adjoining westcentral Bay of Bengal off south Odisha-north Andhra Pradesh coasts during 26th - 28th September, 2025",8,2025-09-26 12:00:00,2025-09-26,1200,19.3,86.1,1.5,998.0,25.0,4.0,D
2025,9,DEPRESSION,"Best track of Depression over northwest and adjoining westcentral Bay of Bengal off south Odisha-north Andhra Pradesh coasts during 26th - 28th September, 2025",8,2025-09-26 18:00:00,2025-09-26,1800,19.3,85.5,1.5,998.0,25.0,4.0,D
2025,9,DEPRESSION,"Best track of Depression over northwest and adjoining westcentral Bay of Bengal off south Odisha-north Andhra Pradesh coasts during 26th - 28th September, 2025",8,2025-09-28 00:00:00,2025-09-28,0000,20.3,77.0,,999.0,20.0,3.0,D
2025,10,DEEP DEPRESSION,"Best track positions and other parameters of the Deep Depression over Westcentral Bay of Bengal during 01st – 03rd October, 2025",9,2025-10-01 06:00:00,2025-10-01,0600,15.8,86.5,1.5,998.0,25.0,3.0,D
2025,10,DEEP DEPRESSION,"Best track positions and other parameters of the Deep Depression over Westcentral Bay of Bengal during 01st – 03rd October, 2025",9,2025-10-01 12:00:00,2025-10-01,1200,16.3,86.3,1.5,997.0,25.0,4.0,D
2025,10,DEEP DEPRESSION,"Best track positions and other parameters of the Deep Depression over Westcentral Bay of Bengal during 01st – 03rd October, 2025",9,2025-10-01 18:00:00,2025-10-01,1800,16.8,86.0,2.0,996.0,30.0,5.0,DD
2025,10,DEEP DEPRESSION,"Best track positions and other parameters of the Deep Depression over Westcentral Bay of Bengal during 01st – 03rd October, 2025",9,2025-10-02 00:00:00,2025-10-02,0000,17.7,85.7,2.0,996.0,30.0,5.0,DD
2025,10,DEEP DEPRESSION,"Best track positions and other parameters of the Deep Depression over Westcentral Bay of Bengal during 01st – 03rd October, 2025",9,2025-10-02 00:00:00,2025-10-02,0000,19.4,84.9,,996.0,30.0,5.0,DD
2025,10,DEEP DEPRESSION,"Best track positions and other parameters of the Deep Depression over Westcentral Bay of Bengal during 01st – 03rd October, 2025",9,2025-10-02 00:00:00,2025-10-02,0000,19.8,84.4,,997.0,30.0,5.0,DD
2025,10,DEEP DEPRESSION,"Best track positions and other parameters of the Deep Depression over Westcentral Bay of Bengal during 01st – 03rd October, 2025",9,2025-10-02 03:00:00,2025-10-02,0300,18.0,85.6,2.0,995.0,30.0,6.0,DD
2025,10,DEEP DEPRESSION,"Best track positions and other parameters of the Deep Depression over Westcentral Bay of Bengal during 01st – 03rd October, 2025",9,2025-10-02 06:00:00,2025-10-02,0600,18.6,85.3,2.0,995.0,30.0,6.0,DD
2025,10,DEEP DEPRESSION,"Best track positions and other parameters of the Deep Depression over Westcentral Bay of Bengal during 01st – 03rd October, 2025",9,2025-10-03 00:00:00,2025-10-03,0000,20.2,84.1,,999.0,25.0,4.0,D
2025,10,DEEP DEPRESSION,"Best track positions and other parameters of the Deep Depression over Westcentral Bay of Bengal during 01st – 03rd October, 2025",9,2025-10-03 00:00:00,2025-10-03,0000,20.7,83.7,,1000.0,25.0,4.0,D
2025,10,DEEP DEPRESSION,"Best track positions and other parameters of the Deep Depression over Westcentral Bay of Bengal during 01st – 03rd October, 2025",9,2025-10-03 00:00:00,2025-10-03,0000,21.2,83.6,,1001.0,25.0,3.0,D
2025,11,SHAKHTI,"Best track positions and other parameters of the Severe Cyclonic Storm Shakhti over Arabian Sea during 01st – 07th October, 2025",10,2025-10-01 12:00:00,2025-10-01,1200,22.0,68.3,1.5,1001.0,25.0,3.0,D
2025,11,SHAKHTI,"Best track positions and other parameters of the Severe Cyclonic Storm Shakhti over Arabian Sea during 01st – 07th October, 2025",10,2025-10-01 18:00:00,2025-10-01,1800,21.5,68.2,1.5,1001.0,25.0,3.0,D
2025,11,SHAKHTI,"Best track positions and other parameters of the Severe Cyclonic Storm Shakhti over Arabian Sea during 01st – 07th October, 2025",10,2025-10-02 00:00:00,2025-10-02,0000,21.0,68.0,1.5,1001.0,25.0,3.0,D
2025,11,SHAKHTI,"Best track positions and other parameters of the Severe Cyclonic Storm Shakhti over Arabian Sea during 01st – 07th October, 2025",10,2025-10-02 03:00:00,2025-10-02,0300,20.8,67.9,2.0,1001.0,25.0,3.0,D
2025,11,SHAKHTI,"Best track positions and other parameters of the Severe Cyclonic Storm Shakhti over Arabian Sea during 01st – 07th October, 2025",10,2025-10-02 06:00:00,2025-10-02,0600,20.8,67.9,2.0,1001.0,25.0,3.0,D
2025,11,SHAKHTI,"Best track positions and other parameters of the Severe Cyclonic Storm Shakhti over Arabian Sea during 01st – 07th October, 2025",10,2025-10-02 12:00:00,2025-10-02,1200,20.8,67.9,2.0,1001.0,25.0,3.0,D
2025,11,SHAKHTI,"Best track positions and other parameters of the Severe Cyclonic Storm Shakhti over Arabian Sea during 01st – 07th October, 2025",10,2025-10-02 18:00:00,2025-10-02,1800,20.8,67.7,2.0,1000.0,30.0,4.0,DD
2025,11,SHAKHTI,"Best track positions and other parameters of the Severe Cyclonic Storm Shakhti over Arabian Sea during 01st – 07th October, 2025",10,2025-10-03 00:00:00,2025-10-03,0000,21.3,67.2,2.0,1000.0,30.0,4.0,DD
2025,11,SHAKHTI,"Best track positions and other parameters of the Severe Cyclonic Storm Shakhti over Arabian Sea during 01st – 07th October, 2025",10,2025-10-03 03:00:00,2025-10-03,0300,21.5,67.0,2.0,999.0,30.0,5.0,DD
2025,11,SHAKHTI,"Best track positions and other parameters of the Severe Cyclonic Storm Shakhti over Arabian Sea during 01st – 07th October, 2025",10,2025-10-03 06:00:00,2025-10-03,0600,21.7,66.8,2.5,997.0,35.0,7.0,CS
2025,11,SHAKHTI,"Best track positions and other parameters of the Severe Cyclonic Storm Shakhti over Arabian Sea during 01st – 07th October, 2025",10,2025-10-03 09:00:00,2025-10-03,0900,21.8,66.6,2.5,997.0,35.0,7.0,CS
2025,11,SHAKHTI,"Best track positions and other parameters of the Severe Cyclonic Storm Shakhti over Arabian Sea during 01st – 07th October, 2025",10,2025-10-03 12:00:00,2025-10-03,1200,22.0,66.4,2.5,996.0,40.0,8.0,CS
2025,11,SHAKHTI,"Best track positions and other parameters of the Severe Cyclonic Storm Shakhti over Arabian Sea during 01st – 07th October, 2025",10,2025-10-03 15:00:00,2025-10-03,1500,22.1,66.2,3.0,996.0,40.0,8.0,CS
2025,11,SHAKHTI,"Best track positions and other parameters of the Severe Cyclonic Storm Shakhti over Arabian Sea during 01st – 07th October, 2025",10,2025-10-03 18:00:00,2025-10-03,1800,22.0,65.8,3.0,994.0,45.0,10.0,CS
2025,11,SHAKHTI,"Best track positions and other parameters of the Severe Cyclonic Storm Shakhti over Arabian Sea during 01st – 07th October, 2025",10,2025-10-03 21:00:00,2025-10-03,2100,22.0,65.6,3.0,994.0,45.0,10.0,CS
2025,11,SHAKHTI,"Best track positions and other parameters of the Severe Cyclonic Storm Shakhti over Arabian Sea during 01st – 07th October, 2025",10,2025-10-04 00:00:00,2025-10-04,0000,22.0,65.0,3.0,992.0,50.0,12.0,SCS
2025,11,SHAKHTI,"Best track positions and other parameters of the Severe Cyclonic Storm Shakhti over Arabian Sea during 01st – 07th October, 2025",10,2025-10-04 03:00:00,2025-10-04,0300,22.0,64.5,3.5,990.0,15.0,55.0,SCS
2025,11,SHAKHTI,"Best track positions and other parameters of the Severe Cyclonic Storm Shakhti over Arabian Sea during 01st – 07th October, 2025",10,2025-10-04 06:00:00,2025-10-04,0600,21.9,64.2,3.5,990.0,15.0,55.0,SCS
2025,11,SHAKHTI,"Best track positions and other parameters of the Severe Cyclonic Storm Shakhti over Arabian Sea during 01st – 07th October, 2025",10,2025-10-04 09:00:00,2025-10-04,0900,21.8,63.8,3.5,990.0,15.0,55.0,SCS
2025,11,SHAKHTI,"Best track positions and other parameters of the Severe Cyclonic Storm Shakhti over Arabian Sea during 01st – 07th October, 2025",10,2025-10-04 12:00:00,2025-10-04,1200,21.7,63.6,3.5,990.0,15.0,55.0,SCS
2025,11,SHAKHTI,"Best track positions and other parameters of the Severe Cyclonic Storm Shakhti over Arabian Sea during 01st – 07th October, 2025",10,2025-10-04 15:00:00,2025-10-04,1500,21.5,63.0,3.5,990.0,15.0,55.0,SCS
2025,11,SHAKHTI,"Best track positions and other parameters of the Severe Cyclonic Storm Shakhti over Arabian Sea during 01st – 07th October, 2025",11,2025-10-04 18:00:00,2025-10-04,1800,21.3,62.7,3.5,989.0,16.0,55.0,SCS
2025,11,SHAKHTI,"Best track positions and other parameters of the Severe Cyclonic Storm Shakhti over Arabian Sea during 01st – 07th October, 2025",11,2025-10-04 21:00:00,2025-10-04,2100,21.1,62.3,3.5,989.0,16.0,55.0,SCS
2025,11,SHAKHTI,"Best track positions and other parameters of the Severe Cyclonic Storm Shakhti over Arabian Sea during 01st – 07th October, 2025",11,2025-10-05 00:00:00,2025-10-05,0000,21.0,61.8,3.5,987.0,18.0,60.0,SCS
2025,11,SHAKHTI,"Best track positions and other parameters of the Severe Cyclonic Storm Shakhti over Arabian Sea during 01st – 07th October, 2025",11,2025-10-05 03:00:00,2025-10-05,0300,20.9,61.3,3.5,986.0,19.0,60.0,SCS
2025,11,SHAKHTI,"Best track positions and other parameters of the Severe Cyclonic Storm Shakhti over Arabian Sea during 01st – 07th October, 2025",11,2025-10-05 06:00:00,2025-10-05,0600,20.7,61.1,3.5,987.0,18.0,60.0,SCS
2025,11,SHAKHTI,"Best track positions and other parameters of the Severe Cyclonic Storm Shakhti over Arabian Sea during 01st – 07th October, 2025",11,2025-10-05 09:00:00,2025-10-05,0900,20.5,61.0,3.5,988.0,17.0,60.0,SCS
2025,11,SHAKHTI,"Best track positions and other parameters of the Severe Cyclonic Storm Shakhti over Arabian Sea during 01st – 07th October, 2025",11,2025-10-05 12:00:00,2025-10-05,1200,20.2,60.7,3.5,990.0,15.0,55.0,SCS
2025,11,SHAKHTI,"Best track positions and other parameters of the Severe Cyclonic Storm Shakhti over Arabian Sea during 01st – 07th October, 2025",11,2025-10-05 15:00:00,2025-10-05,1500,20.0,60.6,3.5,991.0,55.0,14.0,SCS
2025,11,SHAKHTI,"Best track positions and other parameters of the Severe Cyclonic Storm Shakhti over Arabian Sea during 01st – 07th October, 2025",11,2025-10-05 18:00:00,2025-10-05,1800,19.8,60.6,3.0,992.0,50.0,13.0,SCS
2025,11,SHAKHTI,"Best track positions and other parameters of the Severe Cyclonic Storm Shakhti over Arabian Sea during 01st – 07th October, 2025",11,2025-10-05 21:00:00,2025-10-05,2100,19.7,60.5,3.0,993.0,50.0,12.0,SCS
2025,11,SHAKHTI,"Best track positions and other parameters of the Severe Cyclonic Storm Shakhti over Arabian Sea during 01st – 07th October, 2025",11,2025-10-06 00:00:00,2025-10-06,0000,19.7,60.5,3.0,994.0,45.0,11.0,CS
2025,11,SHAKHTI,"Best track positions and other parameters of the Severe Cyclonic Storm Shakhti over Arabian Sea during 01st – 07th October, 2025",11,2025-10-06 03:00:00,2025-10-06,0300,19.7,60.4,3.0,994.0,45.0,11.0,CS
2025,11,SHAKHTI,"Best track positions and other parameters of the Severe Cyclonic Storm Shakhti over Arabian Sea during 01st – 07th October, 2025",11,2025-10-06 06:00:00,2025-10-06,0600,19.7,60.3,3.0,995.0,40.0,9.0,CS
2025,11,SHAKHTI,"Best track positions and other parameters of the Severe Cyclonic Storm Shakhti over Arabian Sea during 01st – 07th October, 2025",11,2025-10-06 09:00:00,2025-10-06,0900,19.6,60.3,3.0,996.0,40.0,8.0,CS
2025,11,SHAKHTI,"Best track positions and other parameters of the Severe Cyclonic Storm Shakhti over Arabian Sea during 01st – 07th October, 2025",11,2025-10-06 12:00:00,2025-10-06,1200,19.6,60.2,2.5,997.0,35.0,7.0,CS
2025,11,SHAKHTI,"Best track positions and other parameters of the Severe Cyclonic Storm Shakhti over Arabian Sea during 01st – 07th October, 2025",11,2025-10-06 15:00:00,2025-10-06,1500,19.6,60.1,2.5,998.0,35.0,6.0,CS
2025,11,SHAKHTI,"Best track positions and other parameters of the Severe Cyclonic Storm Shakhti over Arabian Sea during 01st – 07th October, 2025",11,2025-10-06 18:00:00,2025-10-06,1800,19.5,60.1,2.0,999.0,30.0,5.0,DD
2025,11,SHAKHTI,"Best track positions and other parameters of the Severe Cyclonic Storm Shakhti over Arabian Sea during 01st – 07th October, 2025",11,2025-10-07 00:00:00,2025-10-07,0000,19.2,60.3,2.0,999.0,30.0,5.0,DD
2025,11,SHAKHTI,"Best track positions and other parameters of the Severe Cyclonic Storm Shakhti over Arabian Sea during 01st – 07th October, 2025",11,2025-10-07 03:00:00,2025-10-07,0300,19.0,60.5,1.5,1001.0,25.0,4.0,D
2025,11,SHAKHTI,"Best track positions and other parameters of the Severe Cyclonic Storm Shakhti over Arabian Sea during 01st – 07th October, 2025",11,2025-10-07 06:00:00,2025-10-07,0600,18.9,60.7,1.5,1002.0,20.0,3.0,D
2025,12,DEPRESSION,"Best track positions and other parameters of the Depression over Southeast Arabian Sea during 22nd October– 1st November, 2025",12,2025-10-22 00:00:00,2025-10-22,0000,8.6,67.6,1.5,1002.0,20.0,3.0,D
2025,12,DEPRESSION,"Best track positions and other parameters of the Depression over Southeast Arabian Sea during 22nd October– 1st November, 2025",12,2025-10-22 03:00:00,2025-10-22,0300,8.9,67.4,1.5,1002.0,20.0,3.0,D
2025,12,DEPRESSION,"Best track positions and other parameters of the Depression over Southeast Arabian Sea during 22nd October– 1st November, 2025",12,2025-10-22 06:00:00,2025-10-22,0600,9.0,67.0,1.5,1002.0,20.0,3.0,D
2025,12,DEPRESSION,"Best track positions and other parameters of the Depression over Southeast Arabian Sea during 22nd October– 1st November, 2025",12,2025-10-22 12:00:00,2025-10-22,1200,9.3,67.4,1.5,1002.0,20.0,3.0,D
2025,12,DEPRESSION,"Best track positions and other parameters of the Depression over Southeast Arabian Sea during 22nd October– 1st November, 2025",12,2025-10-22 18:00:00,2025-10-22,1800,9.5,67.6,1.5,1002.0,20.0,3.0,D
2025,12,DEPRESSION,"Best track positions and other parameters of the Depression over Southeast Arabian Sea during 22nd October– 1st November, 2025",12,2025-10-23 00:00:00,2025-10-23,0000,9.6,67.7,1.5,1001.0,20.0,3.0,D
2025,12,DEPRESSION,"Best track positions and other parameters of the Depression over Southeast Arabian Sea during 22nd October– 1st November, 2025",12,2025-10-23 03:00:00,2025-10-23,0300,9.8,67.8,1.5,1001.0,20.0,3.0,D
2025,12,DEPRESSION,"Best track positions and other parameters of the Depression over Southeast Arabian Sea during 22nd October– 1st November, 2025",12,2025-10-23 06:00:00,2025-10-23,0600,10.1,68.0,1.5,1001.0,20.0,3.0,D
2025,12,DEPRESSION,"Best track positions and other parameters of the Depression over Southeast Arabian Sea during 22nd October– 1st November, 2025",12,2025-10-23 12:00:00,2025-10-23,1200,11.0,69.4,1.5,1001.0,20.0,3.0,D
2025,12,DEPRESSION,"Best track positions and other parameters of the Depression over Southeast Arabian Sea during 22nd October– 1st November, 2025",12,2025-10-23 18:00:00,2025-10-23,1800,12.0,70.0,1.5,1001.0,20.0,3.0,D
2025,12,DEPRESSION,"Best track positions and other parameters of the Depression over Southeast Arabian Sea during 22nd October– 1st November, 2025",12,2025-10-24 00:00:00,2025-10-24,0000,13.3,70.5,1.5,1001.0,20.0,3.0,D
2025,12,DEPRESSION,"Best track positions and other parameters of the Depression over Southeast Arabian Sea during 22nd October– 1st November, 2025",12,2025-10-24 03:00:00,2025-10-24,0300,14.0,70.6,1.5,1001.0,20.0,3.0,D
2025,12,DEPRESSION,"Best track positions and other parameters of the Depression over Southeast Arabian Sea during 22nd October– 1st November, 2025",12,2025-10-24 06:00:00,2025-10-24,0600,14.4,70.7,1.5,1001.0,20.0,3.0,D
2025,12,DEPRESSION,"Best track positions and other parameters of the Depression over Southeast Arabian Sea during 22nd October– 1st November, 2025",12,2025-10-24 12:00:00,2025-10-24,1200,15.2,70.7,1.5,1001.0,20.0,3.0,D
2025,12,DEPRESSION,"Best track positions and other parameters of the Depression over Southeast Arabian Sea during 22nd October– 1st November, 2025",12,2025-10-24 18:00:00,2025-10-24,1800,16.1,70.7,1.5,1001.0,20.0,3.0,D
2025,12,DEPRESSION,"Best track positions and other parameters of the Depression over Southeast Arabian Sea during 22nd October– 1st November, 2025",12,2025-10-25 00:00:00,2025-10-25,0000,16.4,70.4,1.5,1001.0,20.0,3.0,D
2025,12,DEPRESSION,"Best track positions and other parameters of the Depression over Southeast Arabian Sea during 22nd October– 1st November, 2025",12,2025-10-25 03:00:00,2025-10-25,0300,16.5,70.4,1.5,1001.0,20.0,3.0,D
2025,12,DEPRESSION,"Best track positions and other parameters of the Depression over Southeast Arabian Sea during 22nd October– 1st November, 2025",12,2025-10-25 06:00:00,2025-10-25,0600,16.6,69.2,1.5,1001.0,20.0,3.0,D
2025,12,DEPRESSION,"Best track positions and other parameters of the Depression over Southeast Arabian Sea during 22nd October– 1st November, 2025",12,2025-10-25 12:00:00,2025-10-25,1200,16.6,68.0,1.5,1001.0,20.0,3.0,D
2025,12,DEPRESSION,"Best track positions and other parameters of the Depression over Southeast Arabian Sea during 22nd October– 1st November, 2025",12,2025-10-25 18:00:00,2025-10-25,1800,16.6,67.2,1.5,1001.0,20.0,3.0,D
2025,12,DEPRESSION,"Best track positions and other parameters of the Depression over Southeast Arabian Sea during 22nd October– 1st November, 2025",12,2025-10-26 00:00:00,2025-10-26,0000,16.5,66.8,1.5,1001.0,20.0,3.0,D
2025,12,DEPRESSION,"Best track positions and other parameters of the Depression over Southeast Arabian Sea during 22nd October– 1st November, 2025",12,2025-10-26 03:00:00,2025-10-26,0300,16.0,66.5,1.5,1001.0,20.0,3.0,D
2025,12,DEPRESSION,"Best track positions and other parameters of the Depression over Southeast Arabian Sea during 22nd October– 1st November, 2025",13,2025-10-26 06:00:00,2025-10-26,0600,15.5,66.4,1.5,1001.0,20.0,3.0,D
2025,12,DEPRESSION,"Best track positions and other parameters of the Depression over Southeast Arabian Sea during 22nd October– 1st November, 2025",13,2025-10-26 12:00:00,2025-10-26,1200,15.1,66.4,1.5,1001.0,20.0,3.0,D
2025,12,DEPRESSION,"Best track positions and other parameters of the Depression over Southeast Arabian Sea during 22nd October– 1st November, 2025",13,2025-10-26 18:00:00,2025-10-26,1800,15.1,66.5,1.5,1001.0,20.0,3.0,D
2025,12,DEPRESSION,"Best track positions and other parameters of the Depression over Southeast Arabian Sea during 22nd October– 1st November, 2025",13,2025-10-27 00:00:00,2025-10-27,0000,16.1,66.8,1.5,1000.0,25.0,4.0,D
2025,12,DEPRESSION,"Best track positions and other parameters of the Depression over Southeast Arabian Sea during 22nd October– 1st November, 2025",13,2025-10-27 03:00:00,2025-10-27,0300,16.4,66.9,1.5,1000.0,25.0,4.0,D
2025,12,DEPRESSION,"Best track positions and other parameters of the Depression over Southeast Arabian Sea during 22nd October– 1st November, 2025",13,2025-10-27 06:00:00,2025-10-27,0600,16.6,67.2,1.5,1000.0,25.0,4.0,D
2025,12,DEPRESSION,"Best track positions and other parameters of the Depression over Southeast Arabian Sea during 22nd October– 1st November, 2025",13,2025-10-27 12:00:00,2025-10-27,1200,16.7,67.3,1.5,1000.0,25.0,4.0,D
2025,12,DEPRESSION,"Best track positions and other parameters of the Depression over Southeast Arabian Sea during 22nd October– 1st November, 2025",13,2025-10-27 18:00:00,2025-10-27,1800,16.7,67.3,1.5,1000.0,25.0,4.0,D
2025,12,DEPRESSION,"Best track positions and other parameters of the Depression over Southeast Arabian Sea during 22nd October– 1st November, 2025",13,2025-10-28 00:00:00,2025-10-28,0000,17.0,67.8,1.5,1000.0,25.0,4.0,D
2025,12,DEPRESSION,"Best track positions and other parameters of the Depression over Southeast Arabian Sea during 22nd October– 1st November, 2025",13,2025-10-28 03:00:00,2025-10-28,0300,17.1,67.8,1.5,1000.0,25.0,4.0,D
2025,12,DEPRESSION,"Best track positions and other parameters of the Depression over Southeast Arabian Sea during 22nd October– 1st November, 2025",13,2025-10-28 06:00:00,2025-10-28,0600,17.2,68.0,1.5,1000.0,25.0,4.0,D
2025,12,DEPRESSION,"Best track positions and other parameters of the Depression over Southeast Arabian Sea during 22nd October– 1st November, 2025",13,2025-10-28 12:00:00,2025-10-28,1200,17.4,68.5,1.5,1000.0,25.0,4.0,D
2025,12,DEPRESSION,"Best track positions and other parameters of the Depression over Southeast Arabian Sea during 22nd October– 1st November, 2025",13,2025-10-28 18:00:00,2025-10-28,1800,17.7,69.0,1.5,1000.0,25.0,4.0,D
2025,12,DEPRESSION,"Best track positions and other parameters of the Depression over Southeast Arabian Sea during 22nd October– 1st November, 2025",13,2025-10-29 00:00:00,2025-10-29,0000,17.9,69.2,1.5,1000.0,25.0,4.0,D
2025,12,DEPRESSION,"Best track positions and other parameters of the Depression over Southeast Arabian Sea during 22nd October– 1st November, 2025",13,2025-10-29 03:00:00,2025-10-29,0300,17.9,69.2,1.5,1000.0,25.0,4.0,D
2025,12,DEPRESSION,"Best track positions and other parameters of the Depression over Southeast Arabian Sea during 22nd October– 1st November, 2025",13,2025-10-29 06:00:00,2025-10-29,0600,18.0,69.1,1.5,1000.0,25.0,4.0,D
2025,12,DEPRESSION,"Best track positions and other parameters of the Depression over Southeast Arabian Sea during 22nd October– 1st November, 2025",13,2025-10-29 12:00:00,2025-10-29,1200,17.9,69.0,1.5,1000.0,25.0,4.0,D
2025,12,DEPRESSION,"Best track positions and other parameters of the Depression over Southeast Arabian Sea during 22nd October– 1st November, 2025",13,2025-10-29 18:00:00,2025-10-29,1800,17.9,68.8,1.5,1000.0,25.0,4.0,D
2025,12,DEPRESSION,"Best track positions and other parameters of the Depression over Southeast Arabian Sea during 22nd October– 1st November, 2025",13,2025-10-30 00:00:00,2025-10-30,0000,17.9,68.2,1.5,1000.0,25.0,4.0,D
2025,12,DEPRESSION,"Best track positions and other parameters of the Depression over Southeast Arabian Sea during 22nd October– 1st November, 2025",13,2025-10-30 03:00:00,2025-10-30,0300,17.9,68.2,1.5,1000.0,25.0,4.0,D
2025,12,DEPRESSION,"Best track positions and other parameters of the Depression over Southeast Arabian Sea during 22nd October– 1st November, 2025",13,2025-10-30 06:00:00,2025-10-30,0600,17.9,68.2,1.5,1000.0,25.0,4.0,D
2025,12,DEPRESSION,"Best track positions and other parameters of the Depression over Southeast Arabian Sea during 22nd October– 1st November, 2025",13,2025-10-30 12:00:00,2025-10-30,1200,18.1,68.2,1.5,1000.0,25.0,4.0,D
2025,12,DEPRESSION,"Best track positions and other parameters of the Depression over Southeast Arabian Sea during 22nd October– 1st November, 2025",13,2025-10-30 18:00:00,2025-10-30,1800,18.3,68.2,1.5,1000.0,25.0,4.0,D
2025,12,DEPRESSION,"Best track positions and other parameters of the Depression over Southeast Arabian Sea during 22nd October– 1st November, 2025",13,2025-10-31 00:00:00,2025-10-31,0000,18.6,68.4,1.5,1000.0,25.0,4.0,D
2025,12,DEPRESSION,"Best track positions and other parameters of the Depression over Southeast Arabian Sea during 22nd October– 1st November, 2025",13,2025-10-31 03:00:00,2025-10-31,0300,18.9,68.5,1.5,1000.0,25.0,4.0,D
2025,12,DEPRESSION,"Best track positions and other parameters of the Depression over Southeast Arabian Sea during 22nd October– 1st November, 2025",14,2025-10-31 06:00:00,2025-10-31,0600,18.9,68.5,1.5,1000.0,25.0,4.0,D
2025,12,DEPRESSION,"Best track positions and other parameters of the Depression over Southeast Arabian Sea during 22nd October– 1st November, 2025",14,2025-10-31 12:00:00,2025-10-31,1200,19.2,69.0,1.5,1000.0,25.0,4.0,D
2025,12,DEPRESSION,"Best track positions and other parameters of the Depression over Southeast Arabian Sea during 22nd October– 1st November, 2025",14,2025-10-31 18:00:00,2025-10-31,1800,19.4,69.6,1.5,1001.0,20.0,3.0,D
2025,13,MONTHA,"Best track positions and other parameters of the Severe Cyclonic Storm “Montha” over Southeast Bay of Bengal during 25th – 30th October, 2025",15,2025-10-25 00:00:00,2025-10-25,0000,10.8,89.0,1.5,1003.0,20.0,3.0,D
2025,13,MONTHA,"Best track positions and other parameters of the Severe Cyclonic Storm “Montha” over Southeast Bay of Bengal during 25th – 30th October, 2025",15,2025-10-25 03:00:00,2025-10-25,0300,10.8,88.8,1.5,1002.0,25.0,4.0,D
2025,13,MONTHA,"Best track positions and other parameters of the Severe Cyclonic Storm “Montha” over Southeast Bay of Bengal during 25th – 30th October, 2025",15,2025-10-25 06:00:00,2025-10-25,0600,10.8,88.6,1.5,1002.0,25.0,4.0,D
2025,13,MONTHA,"Best track positions and other parameters of the Severe Cyclonic Storm “Montha” over Southeast Bay of Bengal during 25th – 30th October, 2025",15,2025-10-25 12:00:00,2025-10-25,1200,10.9,88.1,1.5,1002.0,25.0,4.0,D
2025,13,MONTHA,"Best track positions and other parameters of the Severe Cyclonic Storm “Montha” over Southeast Bay of Bengal during 25th – 30th October, 2025",15,2025-10-25 18:00:00,2025-10-25,1800,11.0,87.7,1.5,1002.0,25.0,4.0,D
2025,13,MONTHA,"Best track positions and other parameters of the Severe Cyclonic Storm “Montha” over Southeast Bay of Bengal during 25th – 30th October, 2025",15,2025-10-26 00:00:00,2025-10-26,0000,11.1,87.3,2.0,1000.0,30.0,5.0,DD
2025,13,MONTHA,"Best track positions and other parameters of the Severe Cyclonic Storm “Montha” over Southeast Bay of Bengal during 25th – 30th October, 2025",15,2025-10-26 03:00:00,2025-10-26,0300,11.2,87.1,2.0,998.0,30.0,6.0,DD
2025,13,MONTHA,"Best track positions and other parameters of the Severe Cyclonic Storm “Montha” over Southeast Bay of Bengal during 25th – 30th October, 2025",15,2025-10-26 06:00:00,2025-10-26,0600,11.3,86.9,2.0,998.0,30.0,6.0,DD
2025,13,MONTHA,"Best track positions and other parameters of the Severe Cyclonic Storm “Montha” over Southeast Bay of Bengal during 25th – 30th October, 2025",15,2025-10-26 12:00:00,2025-10-26,1200,11.4,86.6,2.0,998.0,30.0,6.0,DD
2025,13,MONTHA,"Best track positions and other parameters of the Severe Cyclonic Storm “Montha” over Southeast Bay of Bengal during 25th – 30th October, 2025",15,2025-10-26 18:00:00,2025-10-26,1800,11.6,85.9,2.5,997.0,35.0,7.0,CS
2025,13,MONTHA,"Best track positions and other parameters of the Severe Cyclonic Storm “Montha” over Southeast Bay of Bengal during 25th – 30th October, 2025",15,2025-10-26 21:00:00,2025-10-26,2100,11.9,85.5,2.5,997.0,35.0,7.0,CS
2025,13,MONTHA,"Best track positions and other parameters of the Severe Cyclonic Storm “Montha” over Southeast Bay of Bengal during 25th – 30th October, 2025",15,2025-10-27 00:00:00,2025-10-27,0000,12.2,85.3,2.5,997.0,35.0,7.0,CS
2025,13,MONTHA,"Best track positions and other parameters of the Severe Cyclonic Storm “Montha” over Southeast Bay of Bengal during 25th – 30th October, 2025",15,2025-10-27 03:00:00,2025-10-27,0300,12.6,84.9,2.5,996.0,40.0,8.0,CS
2025,13,MONTHA,"Best track positions and other parameters of the Severe Cyclonic Storm “Montha” over Southeast Bay of Bengal during 25th – 30th October, 2025",15,2025-10-27 06:00:00,2025-10-27,0600,12.8,84.6,2.5,996.0,40.0,8.0,CS
2025,13,MONTHA,"Best track positions and other parameters of the Severe Cyclonic Storm “Montha” over Southeast Bay of Bengal during 25th – 30th October, 2025",15,2025-10-27 09:00:00,2025-10-27,0900,13.0,84.2,2.5,995.0,40.0,9.0,CS
2025,13,MONTHA,"Best track positions and other parameters of the Severe Cyclonic Storm “Montha” over Southeast Bay of Bengal during 25th – 30th October, 2025",15,2025-10-27 12:00:00,2025-10-27,1200,13.3,84.0,3.0,994.0,45.0,10.0,CS
2025,13,MONTHA,"Best track positions and other parameters of the Severe Cyclonic Storm “Montha” over Southeast Bay of Bengal during 25th – 30th October, 2025",15,2025-10-27 15:00:00,2025-10-27,1500,13.6,83.8,3.0,994.0,45.0,10.0,CS
2025,13,MONTHA,"Best track positions and other parameters of the Severe Cyclonic Storm “Montha” over Southeast Bay of Bengal during 25th – 30th October, 2025",15,2025-10-27 18:00:00,2025-10-27,1800,14.0,83.5,3.0,993.0,45.0,11.0,CS
2025,13,MONTHA,"Best track positions and other parameters of the Severe Cyclonic Storm “Montha” over Southeast Bay of Bengal during 25th – 30th October, 2025",15,2025-10-27 21:00:00,2025-10-27,2100,14.4,83.3,3.0,992.0,45.0,12.0,CS
2025,13,MONTHA,"Best track positions and other parameters of the Severe Cyclonic Storm “Montha” over Southeast Bay of Bengal during 25th – 30th October, 2025",15,2025-10-28 00:00:00,2025-10-28,0000,14.7,83.0,3.0,991.0,50.0,13.0,SCS
2025,13,MONTHA,"Best track positions and other parameters of the Severe Cyclonic Storm “Montha” over Southeast Bay of Bengal during 25th – 30th October, 2025",15,2025-10-28 00:00:00,2025-10-28,0000,16.5,81.5,,992.0,40.0,12.0,CS
2025,13,MONTHA,"Best track positions and other parameters of the Severe Cyclonic Storm “Montha” over Southeast Bay of Bengal during 25th – 30th October, 2025",15,2025-10-28 03:00:00,2025-10-28,0300,14.9,82.9,3.0,991.0,50.0,13.0,SCS
2025,13,MONTHA,"Best track positions and other parameters of the Severe Cyclonic Storm “Montha” over Southeast Bay of Bengal during 25th – 30th October, 2025",15,2025-10-28 06:00:00,2025-10-28,0600,15.2,82.7,3.0,991.0,50.0,13.0,SCS
2025,13,MONTHA,"Best track positions and other parameters of the Severe Cyclonic Storm “Montha” over Southeast Bay of Bengal during 25th – 30th October, 2025",15,2025-10-28 09:00:00,2025-10-28,0900,15.6,82.5,3.0,990.0,50.0,14.0,SCS
2025,13,MONTHA,"Best track positions and other parameters of the Severe Cyclonic Storm “Montha” over Southeast Bay of Bengal during 25th – 30th October, 2025",15,2025-10-28 12:00:00,2025-10-28,1200,16.0,82.2,3.0,990.0,50.0,14.0,SCS
2025,13,MONTHA,"Best track positions and other parameters of the Severe Cyclonic Storm “Montha” over Southeast Bay of Bengal during 25th – 30th October, 2025",15,2025-10-28 15:00:00,2025-10-28,1500,16.2,82.0,3.0,990.0,50.0,14.0,SCS
2025,13,MONTHA,"Best track positions and other parameters of the Severe Cyclonic Storm “Montha” over Southeast Bay of Bengal during 25th – 30th October, 2025",15,2025-10-28 18:00:00,2025-10-28,1800,16.3,81.7,3.0,990.0,50.0,14.0,SCS
2025,13,MONTHA,"Best track positions and other parameters of the Severe Cyclonic Storm “Montha” over Southeast Bay of Bengal during 25th – 30th October, 2025",16,2025-10-29 00:00:00,2025-10-29,0000,17.0,81.3,,997.0,35.0,7.0,CS
2025,13,MONTHA,"Best track positions and other parameters of the Severe Cyclonic Storm “Montha” over Southeast Bay of Bengal during 25th – 30th October, 2025",16,2025-10-29 00:00:00,2025-10-29,0000,17.3,81.2,,999.0,30.0,5.0,DD
2025,13,MONTHA,"Best track positions and other parameters of the Severe Cyclonic Storm “Montha” over Southeast Bay of Bengal during 25th – 30th October, 2025",16,2025-10-29 00:00:00,2025-10-29,0000,17.7,81.1,,999.0,30.0,5.0,DD
2025,13,MONTHA,"Best track positions and other parameters of the Severe Cyclonic Storm “Montha” over Southeast Bay of Bengal during 25th – 30th October, 2025",16,2025-10-29 00:00:00,2025-10-29,0000,18.7,80.9,,1000.0,25.0,4.0,D
2025,13,MONTHA,"Best track positions and other parameters of the Severe Cyclonic Storm “Montha” over Southeast Bay of Bengal during 25th – 30th October, 2025",16,2025-10-29 00:00:00,2025-10-29,0000,19.6,80.7,,1000.0,20.0,3.0,D
2025,14,SENYAR,Best track positions and other parameters of the CS SENYAR over strait of Malacca 25th – 27th November 2025,17,2025-11-25 03:00:00,2025-11-25,0300,5.4,99.7,1.5,1004.0,20.0,3.0,D
2025,14,SENYAR,Best track positions and other parameters of the CS SENYAR over strait of Malacca 25th – 27th November 2025,17,2025-11-25 06:00:00,2025-11-25,0600,5.3,99.5,1.5,1004.0,20.0,3.0,D
2025,14,SENYAR,Best track positions and other parameters of the CS SENYAR over strait of Malacca 25th – 27th November 2025,17,2025-11-25 12:00:00,2025-11-25,1200,5.1,99.0,1.5,1003.0,25.0,4.0,D
2025,14,SENYAR,Best track positions and other parameters of the CS SENYAR over strait of Malacca 25th – 27th November 2025,17,2025-11-25 18:00:00,2025-11-25,1800,5.1,98.5,2.0,1002.0,30.0,5.0,DD
2025,14,SENYAR,Best track positions and other parameters of the CS SENYAR over strait of Malacca 25th – 27th November 2025,17,2025-11-26 00:00:00,2025-11-26,0000,5.0,98.0,2.5,999.0,40.0,8.0,CS
2025,14,SENYAR,Best track positions and other parameters of the CS SENYAR over strait of Malacca 25th – 27th November 2025,17,2025-11-26 00:00:00,2025-11-26,0000,4.9,97.8,,999.0,40.0,8.0,CS
2025,14,SENYAR,Best track positions and other parameters of the CS SENYAR over strait of Malacca 25th – 27th November 2025,17,2025-11-26 00:00:00,2025-11-26,0000,4.7,97.8,,999.0,40.0,8.0,CS
2025,14,SENYAR,Best track positions and other parameters of the CS SENYAR over strait of Malacca 25th – 27th November 2025,17,2025-11-26 00:00:00,2025-11-26,0000,4.6,97.8,,999.0,40.0,8.0,CS
2025,14,SENYAR,Best track positions and other parameters of the CS SENYAR over strait of Malacca 25th – 27th November 2025,17,2025-11-26 00:00:00,2025-11-26,0000,4.3,98.1,,1000.0,35.0,7.0,CS
2025,14,SENYAR,Best track positions and other parameters of the CS SENYAR over strait of Malacca 25th – 27th November 2025,17,2025-11-26 00:00:00,2025-11-26,0000,4.1,98.3,,1000.0,35.0,7.0,CS
2025,14,SENYAR,Best track positions and other parameters of the CS SENYAR over strait of Malacca 25th – 27th November 2025,17,2025-11-26 00:00:00,2025-11-26,0000,4.0,98.5,,1000.0,35.0,7.0,CS
2025,14,SENYAR,Best track positions and other parameters of the CS SENYAR over strait of Malacca 25th – 27th November 2025,17,2025-11-26 21:00:00,2025-11-26,2100,3.8,98.8,2.5,1001.0,35.0,6.0,CS
2025,14,SENYAR,Best track positions and other parameters of the CS SENYAR over strait of Malacca 25th – 27th November 2025,17,2025-11-27 00:00:00,2025-11-27,0000,3.7,99.2,2.0,1002.0,30.0,5.0,DD
2025,14,SENYAR,Best track positions and other parameters of the CS SENYAR over strait of Malacca 25th – 27th November 2025,17,2025-11-27 03:00:00,2025-11-27,0300,3.7,99.6,2.0,1002.0,30.0,5.0,DD
2025,14,SENYAR,Best track positions and other parameters of the CS SENYAR over strait of Malacca 25th – 27th November 2025,17,2025-11-27 06:00:00,2025-11-27,0600,3.6,99.8,1.5,1003.0,25.0,4.0,D
2025,14,SENYAR,Best track positions and other parameters of the CS SENYAR over strait of Malacca 25th – 27th November 2025,17,2025-11-27 12:00:00,2025-11-27,1200,3.6,100.7,1.5,1004.0,20.0,3.0,D
2025,14,SENYAR,Best track positions and other parameters of the CS SENYAR over strait of Malacca 25th – 27th November 2025,17,2025-11-27 15:00:00,2025-11-27,1500,3.6,100.9,1.5,1004.0,20.0,3.0,D
2025,15,DITWAH,"Best track positions and other parameters of the Cyclonic Storm “Ditwah” over Southwest Bay of Bengal and adjoining areas of southeast Sri Lanka & Equatorial Indian Ocean during 26th November – 03rd December, 2025",18,2025-11-26 18:00:00,2025-11-26,1800,5.9,82.6,1.5,1004.0,25.0,4.0,D
2025,15,DITWAH,"Best track positions and other parameters of the Cyclonic Storm “Ditwah” over Southwest Bay of Bengal and adjoining areas of southeast Sri Lanka & Equatorial Indian Ocean during 26th November – 03rd December, 2025",18,2025-11-27 00:00:00,2025-11-27,0000,6.3,82.4,2.0,1003.0,30.0,5.0,DD
2025,15,DITWAH,"Best track positions and other parameters of the Cyclonic Storm “Ditwah” over Southwest Bay of Bengal and adjoining areas of southeast Sri Lanka & Equatorial Indian Ocean during 26th November – 03rd December, 2025",18,2025-11-27 03:00:00,2025-11-27,0300,6.7,82.1,2.0,1003.0,30.0,5.0,DD
2025,15,DITWAH,"Best track positions and other parameters of the Cyclonic Storm “Ditwah” over Southwest Bay of Bengal and adjoining areas of southeast Sri Lanka & Equatorial Indian Ocean during 26th November – 03rd December, 2025",18,2025-11-27 06:00:00,2025-11-27,0600,6.9,81.9,2.5,1002.0,35.0,6.0,CS
2025,15,DITWAH,"Best track positions and other parameters of the Cyclonic Storm “Ditwah” over Southwest Bay of Bengal and adjoining areas of southeast Sri Lanka & Equatorial Indian Ocean during 26th November – 03rd December, 2025",18,2025-11-27 09:00:00,2025-11-27,0900,7.2,81.8,2.5,1002.0,35.0,6.0,CS
2025,15,DITWAH,"Best track positions and other parameters of the Cyclonic Storm “Ditwah” over Southwest Bay of Bengal and adjoining areas of southeast Sri Lanka & Equatorial Indian Ocean during 26th November – 03rd December, 2025",18,2025-11-27 12:00:00,2025-11-27,1200,7.6,81.6,2.5,1002.0,35.0,6.0,CS
2025,15,DITWAH,"Best track positions and other parameters of the Cyclonic Storm “Ditwah” over Southwest Bay of Bengal and adjoining areas of southeast Sri Lanka & Equatorial Indian Ocean during 26th November – 03rd December, 2025",18,2025-11-27 15:00:00,2025-11-27,1500,7.7,81.5,2.5,1002.0,35.0,6.0,CS
2025,15,DITWAH,"Best track positions and other parameters of the Cyclonic Storm “Ditwah” over Southwest Bay of Bengal and adjoining areas of southeast Sri Lanka & Equatorial Indian Ocean during 26th November – 03rd December, 2025",18,2025-11-27 18:00:00,2025-11-27,1800,7.9,81.3,2.5,1002.0,35.0,6.0,CS
2025,15,DITWAH,"Best track positions and other parameters of the Cyclonic Storm “Ditwah” over Southwest Bay of Bengal and adjoining areas of southeast Sri Lanka & Equatorial Indian Ocean during 26th November – 03rd December, 2025",18,2025-11-27 21:00:00,2025-11-27,2100,8.1,81.2,2.5,1002.0,35.0,6.0,CS
2025,15,DITWAH,"Best track positions and other parameters of the Cyclonic Storm “Ditwah” over Southwest Bay of Bengal and adjoining areas of southeast Sri Lanka & Equatorial Indian Ocean during 26th November – 03rd December, 2025",18,2025-11-28 00:00:00,2025-11-28,0000,8.2,81.1,2.5,1002.0,35.0,6.0,CS
2025,15,DITWAH,"Best track positions and other parameters of the Cyclonic Storm “Ditwah” over Southwest Bay of Bengal and adjoining areas of southeast Sri Lanka & Equatorial Indian Ocean during 26th November – 03rd December, 2025",18,2025-11-28 03:00:00,2025-11-28,0300,8.3,81.0,2.5,1002.0,35.0,6.0,CS
2025,15,DITWAH,"Best track positions and other parameters of the Cyclonic Storm “Ditwah” over Southwest Bay of Bengal and adjoining areas of southeast Sri Lanka & Equatorial Indian Ocean during 26th November – 03rd December, 2025",18,2025-11-28 06:00:00,2025-11-28,0600,8.4,81.0,2.5,1002.0,35.0,6.0,CS
2025,15,DITWAH,"Best track positions and other parameters of the Cyclonic Storm “Ditwah” over Southwest Bay of Bengal and adjoining areas of southeast Sri Lanka & Equatorial Indian Ocean during 26th November – 03rd December, 2025",18,2025-11-28 09:00:00,2025-11-28,0900,8.5,81.0,2.5,1002.0,35.0,6.0,CS
2025,15,DITWAH,"Best track positions and other parameters of the Cyclonic Storm “Ditwah” over Southwest Bay of Bengal and adjoining areas of southeast Sri Lanka & Equatorial Indian Ocean during 26th November – 03rd December, 2025",18,2025-11-28 12:00:00,2025-11-28,1200,8.7,80.9,2.5,1002.0,35.0,6.0,CS
2025,15,DITWAH,"Best track positions and other parameters of the Cyclonic Storm “Ditwah” over Southwest Bay of Bengal and adjoining areas of southeast Sri Lanka & Equatorial Indian Ocean during 26th November – 03rd December, 2025",18,2025-11-28 15:00:00,2025-11-28,1500,8.8,80.8,2.5,1002.0,35.0,6.0,CS
2025,15,DITWAH,"Best track positions and other parameters of the Cyclonic Storm “Ditwah” over Southwest Bay of Bengal and adjoining areas of southeast Sri Lanka & Equatorial Indian Ocean during 26th November – 03rd December, 2025",18,2025-11-28 18:00:00,2025-11-28,1800,9.0,80.8,2.5,1002.0,35.0,6.0,CS
2025,15,DITWAH,"Best track positions and other parameters of the Cyclonic Storm “Ditwah” over Southwest Bay of Bengal and adjoining areas of southeast Sri Lanka & Equatorial Indian Ocean during 26th November – 03rd December, 2025",18,2025-11-28 21:00:00,2025-11-28,2100,9.2,80.8,2.5,1001.0,35.0,7.0,CS
2025,15,DITWAH,"Best track positions and other parameters of the Cyclonic Storm “Ditwah” over Southwest Bay of Bengal and adjoining areas of southeast Sri Lanka & Equatorial Indian Ocean during 26th November – 03rd December, 2025",18,2025-11-29 00:00:00,2025-11-29,0000,9.4,80.7,2.5,1001.0,35.0,7.0,CS
2025,15,DITWAH,"Best track positions and other parameters of the Cyclonic Storm “Ditwah” over Southwest Bay of Bengal and adjoining areas of southeast Sri Lanka & Equatorial Indian Ocean during 26th November – 03rd December, 2025",18,2025-11-29 03:00:00,2025-11-29,0300,9.6,80.7,2.5,1000.0,40.0,8.0,CS
2025,15,DITWAH,"Best track positions and other parameters of the Cyclonic Storm “Ditwah” over Southwest Bay of Bengal and adjoining areas of southeast Sri Lanka & Equatorial Indian Ocean during 26th November – 03rd December, 2025",18,2025-11-29 06:00:00,2025-11-29,0600,9.9,80.7,2.5,1000.0,40.0,8.0,CS
2025,15,DITWAH,"Best track positions and other parameters of the Cyclonic Storm “Ditwah” over Southwest Bay of Bengal and adjoining areas of southeast Sri Lanka & Equatorial Indian Ocean during 26th November – 03rd December, 2025",18,2025-11-29 09:00:00,2025-11-29,0900,10.1,80.6,2.5,1000.0,40.0,8.0,CS
2025,15,DITWAH,"Best track positions and other parameters of the Cyclonic Storm “Ditwah” over Southwest Bay of Bengal and adjoining areas of southeast Sri Lanka & Equatorial Indian Ocean during 26th November – 03rd December, 2025",19,2025-11-29 12:00:00,2025-11-29,1200,10.4,80.6,2.5,1000.0,40.0,8.0,CS
2025,15,DITWAH,"Best track positions and other parameters of the Cyclonic Storm “Ditwah” over Southwest Bay of Bengal and adjoining areas of southeast Sri Lanka & Equatorial Indian Ocean during 26th November – 03rd December, 2025",19,2025-11-29 15:00:00,2025-11-29,1500,10.5,80.6,2.5,1000.0,40.0,8.0,CS
2025,15,DITWAH,"Best track positions and other parameters of the Cyclonic Storm “Ditwah” over Southwest Bay of Bengal and adjoining areas of southeast Sri Lanka & Equatorial Indian Ocean during 26th November – 03rd December, 2025",19,2025-11-29 18:00:00,2025-11-29,1800,10.7,80.6,2.5,1000.0,40.0,8.0,CS
2025,15,DITWAH,"Best track positions and other parameters of the Cyclonic Storm “Ditwah” over Southwest Bay of Bengal and adjoining areas of southeast Sri Lanka & Equatorial Indian Ocean during 26th November – 03rd December, 2025",19,2025-11-29 21:00:00,2025-11-29,2100,10.8,80.6,2.5,1000.0,40.0,8.0,CS
2025,15,DITWAH,"Best track positions and other parameters of the Cyclonic Storm “Ditwah” over Southwest Bay of Bengal and adjoining areas of southeast Sri Lanka & Equatorial Indian Ocean during 26th November – 03rd December, 2025",19,2025-11-30 00:00:00,2025-11-30,0000,11.1,80.6,2.5,1000.0,40.0,8.0,CS
2025,15,DITWAH,"Best track positions and other parameters of the Cyclonic Storm “Ditwah” over Southwest Bay of Bengal and adjoining areas of southeast Sri Lanka & Equatorial Indian Ocean during 26th November – 03rd December, 2025",19,2025-11-30 03:00:00,2025-11-30,0300,11.4,80.6,2.5,1000.0,40.0,8.0,CS
2025,15,DITWAH,"Best track positions and other parameters of the Cyclonic Storm “Ditwah” over Southwest Bay of Bengal and adjoining areas of southeast Sri Lanka & Equatorial Indian Ocean during 26th November – 03rd December, 2025",19,2025-11-30 06:00:00,2025-11-30,0600,11.5,80.6,2.5,1001.0,35.0,7.0,CS
2025,15,DITWAH,"Best track positions and other parameters of the Cyclonic Storm “Ditwah” over Southwest Bay of Bengal and adjoining areas of southeast Sri Lanka & Equatorial Indian Ocean during 26th November – 03rd December, 2025",19,2025-11-30 09:00:00,2025-11-30,0900,11.7,80.6,2.5,1002.0,35.0,6.0,CS
2025,15,DITWAH,"Best track positions and other parameters of the Cyclonic Storm “Ditwah” over Southwest Bay of Bengal and adjoining areas of southeast Sri Lanka & Equatorial Indian Ocean during 26th November – 03rd December, 2025",19,2025-11-30 12:00:00,2025-11-30,1200,11.8,80.6,2.0,1003.0,30.0,5.0,DD
2025,15,DITWAH,"Best track positions and other parameters of the Cyclonic Storm “Ditwah” over Southwest Bay of Bengal and adjoining areas of southeast Sri Lanka & Equatorial Indian Ocean during 26th November – 03rd December, 2025",19,2025-11-30 18:00:00,2025-11-30,1800,12.3,80.6,2.0,1003.0,30.0,5.0,DD
2025,15,DITWAH,"Best track positions and other parameters of the Cyclonic Storm “Ditwah” over Southwest Bay of Bengal and adjoining areas of southeast Sri Lanka & Equatorial Indian Ocean during 26th November – 03rd December, 2025",19,2025-12-01 00:00:00,2025-12-01,0000,12.8,80.6,2.0,1003.0,30.0,5.0,DD
2025,15,DITWAH,"Best track positions and other parameters of the Cyclonic Storm “Ditwah” over Southwest Bay of Bengal and adjoining areas of southeast Sri Lanka & Equatorial Indian Ocean during 26th November – 03rd December, 2025",19,2025-12-01 03:00:00,2025-12-01,0300,12.8,80.6,2.0,1003.0,30.0,5.0,DD
2025,15,DITWAH,"Best track positions and other parameters of the Cyclonic Storm “Ditwah” over Southwest Bay of Bengal and adjoining areas of southeast Sri Lanka & Equatorial Indian Ocean during 26th November – 03rd December, 2025",19,2025-12-01 06:00:00,2025-12-01,0600,13.0,80.6,2.0,1003.0,30.0,5.0,DD
2025,15,DITWAH,"Best track positions and other parameters of the Cyclonic Storm “Ditwah” over Southwest Bay of Bengal and adjoining areas of southeast Sri Lanka & Equatorial Indian Ocean during 26th November – 03rd December, 2025",19,2025-12-01 12:00:00,2025-12-01,1200,13.0,80.6,2.0,1003.0,30.0,5.0,DD
2025,15,DITWAH,"Best track positions and other parameters of the Cyclonic Storm “Ditwah” over Southwest Bay of Bengal and adjoining areas of southeast Sri Lanka & Equatorial Indian Ocean during 26th November – 03rd December, 2025",19,2025-12-01 18:00:00,2025-12-01,1800,13.0,80.6,2.0,1003.0,30.0,5.0,DD
2025,15,DITWAH,"Best track positions and other parameters of the Cyclonic Storm “Ditwah” over Southwest Bay of Bengal and adjoining areas of southeast Sri Lanka & Equatorial Indian Ocean during 26th November – 03rd December, 2025",19,2025-12-02 00:00:00,2025-12-02,0000,12.9,80.5,1.5,1004.0,25.0,4.0,D
2025,15,DITWAH,"Best track positions and other parameters of the Cyclonic Storm “Ditwah” over Southwest Bay of Bengal and adjoining areas of southeast Sri Lanka & Equatorial Indian Ocean during 26th November – 03rd December, 2025",19,2025-12-02 03:00:00,2025-12-02,0300,12.8,80.5,1.5,1004.0,25.0,4.0,D
2025,15,DITWAH,"Best track positions and other parameters of the Cyclonic Storm “Ditwah” over Southwest Bay of Bengal and adjoining areas of southeast Sri Lanka & Equatorial Indian Ocean during 26th November – 03rd December, 2025",19,2025-12-02 06:00:00,2025-12-02,0600,12.5,80.4,1.5,1004.0,25.0,4.0,D
2025,15,DITWAH,"Best track positions and other parameters of the Cyclonic Storm “Ditwah” over Southwest Bay of Bengal and adjoining areas of southeast Sri Lanka & Equatorial Indian Ocean during 26th November – 03rd December, 2025",19,2025-12-02 12:00:00,2025-12-02,1200,12.3,80.3,1.5,1004.0,25.0,4.0,D
2025,15,DITWAH,"Best track positions and other parameters of the Cyclonic Storm “Ditwah” over Southwest Bay of Bengal and adjoining areas of southeast Sri Lanka & Equatorial Indian Ocean during 26th November – 03rd December, 2025",19,2025-12-02 18:00:00,2025-12-02,1800,12.1,80.2,1.5,1005.0,20.0,3.0,D
